SALE TYPE,SOLD DATE,PROPERTY TYPE,ADDRESS,CITY,STATE OR PROVINCE,ZIP OR POSTAL CODE,PRICE,BEDS,BATHS,LOCATION,SQUARE FEET,LOT SIZE,YEAR BUILT,DAYS ON MARKET,$/SQUARE FEET,HOA/MONTH,STATUS,NEXT OPEN HOUSE START TIME,NEXT OPEN HOUSE END TIME,URL (SEE https://www.redfin.com/buy-a-home/comparative-market-analysis FOR INFO ON PRICING),SOURCE,MLS#,FAVORITE,INTERESTED,LATITUDE,LONGITUDE
"In accordance with local MLS rules, some MLS listings are not included in the download"
PAST SALE,,Single Family Residential,611 Powhatan Pl NW,Washington,DC,20011,665000,3,2.0,,1148,1515,1935,,579,,,,,https://www.redfin.com/DC/Washington/611-Powhatan-Pl-NW-20011/home/10055865,,,N,Y,38.9633819,-77.0214764
PAST SALE,April-30-2024,Condo/Co-op,735 Rock Creek Church Rd NW Unit C,Washington,DC,20010,699900,3,2.0,Columbia Heights,1379,,1927,,508,262,Sold,,,https://www.redfin.com/DC/Washington/735-Rock-Creek-Church-Rd-NW-20010/unit-C/home/12530879,BRIGHT MLS,DCDC2131830,N,Y,38.9370137,-77.0227601
PAST SALE,,Townhouse,4428 Kansas Ave NW,Washington,DC,20011,670000,3,2.0,,1280,2124,1911,,523,,,,,https://www.redfin.com/DC/Washington/4428-Kansas-Ave-NW-20011/home/10041670,,,N,Y,38.9446822,-77.0242974
PAST SALE,May-13-2024,Townhouse,610 Roxboro Pl NW,Washington,DC,20011,650000,3,3.5,Brightwood,1481,1409,1925,,439,,Sold,,,https://www.redfin.com/DC/Washington/610-Roxboro-Pl-NW-20011/home/10055345,BRIGHT MLS,DCDC2128846,N,Y,38.9654161,-77.0217152
PAST SALE,March-22-2024,Condo/Co-op,3001 Veazey Ter NW #213,Washington,DC,20008,270000,1,1.0,Forest Hills,1050,,1967,,257,1043,Sold,,,https://www.redfin.com/DC/Washington/3001-Veazey-Ter-NW-20008/unit-213/home/105497358,BRIGHT MLS,DCDC2106134,N,Y,38.9449325,-77.0617849
PAST SALE,March-29-2024,Vacant Land,5506 4th St NE,Washington,DC,20011,305000,,,Riggs Park,,3064,,,,,Sold,,,https://www.redfin.com/DC/Washington/5506-4th-St-NE-20011/home/166674412,BRIGHT MLS,DCDC2097970,N,Y,38.956055,-77.0001605
PAST SALE,,Townhouse,618 Quebec Pl NW,Washington,DC,20010,845000,3,1.0,,,2128,1915,,,,,,,https://www.redfin.com/DC/Washington/618-Quebec-Pl-NW-20010/home/10042699,,,N,Y,38.9363831,-77.0198636
PAST SALE,,Single Family Residential,3204 Morrison St NW,Washington,DC,20015,1725000,3,2.5,,1918,3871,1931,,899,,,,,https://www.redfin.com/DC/Washington/3204-Morrison-St-NW-20015/home/9980762,,,N,Y,38.9638612,-77.0642863
PAST SALE,May-1-2024,Condo/Co-op,3601 Connecticut Ave NW Unit L08,Washington,DC,20008,795000,2,2.0,CLEVELAND PARK,1390,,1928,,572,1567,Sold,,,https://www.redfin.com/DC/Washington/3601-Connecticut-Ave-NW-20008/unit-L08/home/190690403,BRIGHT MLS,DCDC2134282,N,Y,38.9379083,-77.0586498
PAST SALE,,Townhouse,1229 Ingraham St NW,Washington,DC,20011,867500,3,1.5,,1520,2578,1921,,571,,,,,https://www.redfin.com/DC/Washington/1229-Ingraham-St-NW-20011/home/10035654,,,N,Y,38.9542957,-77.0289085
PAST SALE,March-21-2024,Single Family Residential,127 Rock Creek Church Rd NW,Washington,DC,20011,620000,3,1.5,Petworth,2137,1900,1916,,290,,Sold,,,https://www.redfin.com/DC/Washington/127-Rock-Creek-Church-Rd-NW-20011/home/10065573,BRIGHT MLS,DCDC2129698,N,Y,38.9426443,-77.0132418
PAST SALE,May-16-2024,Single Family Residential,3314 Quesada St NW,Washington,DC,20015,2025000,5,4.5,Chevy Chase,3613,6909,1934,,560,,Sold,,,https://www.redfin.com/DC/Washington/3314-Quesada-St-NW-20015/home/9979844,BRIGHT MLS,DCDC2142244,N,Y,38.9683947,-77.0676401
PAST SALE,March-21-2024,Townhouse,4308 4th St NW,Washington,DC,20011,600000,3,1.5,Petworth,1488,1880,1923,,403,,Sold,,,https://www.redfin.com/DC/Washington/4308-4th-St-NW-20011/home/10060024,BRIGHT MLS,DCDC2135212,N,Y,38.9435465,-77.0174089
PAST SALE,April-2-2024,Townhouse,1339 Quincy St NW,Washington,DC,20011,685000,3,3.0,Columbia Heights,2144,2649,1916,,319,,Sold,,,https://www.redfin.com/DC/Washington/1339-Quincy-St-NW-20011/home/10025914,BRIGHT MLS,DCDC2131156,N,Y,38.9378246,-77.0310867
PAST SALE,April-12-2024,Condo/Co-op,3883 Connecticut Ave NW #714,Washington,DC,20008,795000,2,2.0,Forest Hills,1188,,2002,,669,874,Sold,,,https://www.redfin.com/DC/Washington/3883-Connecticut-Ave-NW-20008/unit-714/home/10194669,BRIGHT MLS,DCDC2135906,N,Y,38.9401354,-77.0599093
PAST SALE,,Condo/Co-op,3701 9th St NW #3,Washington,DC,20010,335000,2,2.0,,697,,1932,,481,,,,,https://www.redfin.com/DC/Washington/3701-9th-St-NW-20010/unit-3/home/11745279,,,N,Y,38.9363264,-77.0251515
PAST SALE,,Single Family Residential,5363 29th St NW,Washington,DC,20015,1950000,5,5.5,,3806,5058,2017,,512,,,,,https://www.redfin.com/DC/Washington/5363-29th-St-NW-20015/home/143530365,,,N,Y,38.9606771,-77.0584559
PAST SALE,April-1-2024,Single Family Residential,4600 16th St NW,Washington,DC,20011,1232780,4,2.5,Crestwood,5066,8110,1924,,243,,Sold,,,https://www.redfin.com/DC/Washington/4600-16th-St-NW-20011/home/10012528,BRIGHT MLS,DCDC2130576,N,Y,38.9463562,-77.036869
PAST SALE,,Multi-Family (2-4 Unit),1443 Parkwood Pl NW,Washington,DC,20010,274000,4,2.5,,1386,1260,1920,,198,,,,,https://www.redfin.com/DC/Washington/1443-Parkwood-Pl-NW-20010/home/10015185,,,N,Y,38.9361661,-77.0341488
PAST SALE,April-11-2024,Condo/Co-op,3934 14th St NW #203,Washington,DC,20011,414900,1,1.0,COLUMBIA HEIGHTS,589,,2024,,704,211,Sold,,,https://www.redfin.com/DC/Washington/3934-14th-St-NW-20011/unit-203/home/190486763,BRIGHT MLS,DCDC2136608,N,Y,38.9396091,-77.0330243
PAST SALE,May-20-2024,Single Family Residential,2928 Mckinley St NW,Washington,DC,20015,1000000,5,4.0,Chevy Chase,2476,6000,1936,,404,,Sold,,,https://www.redfin.com/DC/Washington/2928-McKinley-St-NW-20015/home/9993202,BRIGHT MLS,DCDC2139380,N,Y,38.9646592,-77.0599703
PAST SALE,April-30-2024,Townhouse,3010 Porter St NW,Washington,DC,20008,1441000,3,1.5,Cleveland Park,1961,3179,1923,,735,,Sold,,,https://www.redfin.com/DC/Washington/3010-Porter-St-NW-20008/home/9984894,BRIGHT MLS,DCDC2139674,N,Y,38.93709,-77.0615789
PAST SALE,March-20-2024,Single Family Residential,1421 Spring Rd NW #202,Washington,DC,20010,330000,1,1.0,COLUMBIA HEIGHTS,407,,2023,,811,128,Sold,,,https://www.redfin.com/DC/Washington/1421-Spring-Rd-NW-20010/unit-202/home/187983903,BRIGHT MLS,DCDC2115618,N,Y,38.9375508,-77.0338902
PAST SALE,,Townhouse,4127 Arkansas Ave NW,Washington,DC,20011,850000,3,3.5,,1224,1350,1949,,694,,,,,https://www.redfin.com/DC/Washington/4127-Arkansas-Ave-NW-20011/home/10016010,,,N,Y,38.9416065,-77.0338757
PAST SALE,March-6-2024,Townhouse,405 Jefferson St NE,Washington,DC,20011,582500,3,2.0,Riggs Park,1504,2201,1954,,387,,Sold,,,https://www.redfin.com/DC/Washington/405-Jefferson-St-NE-20011/home/10082509,BRIGHT MLS,DCDC2127106,N,Y,38.9550155,-76.9987656
PAST SALE,April-18-2024,Townhouse,815 Marietta Pl NW,Washington,DC,20011,450000,4,1.5,Petworth,1436,1508,1926,,313,,Sold,,,https://www.redfin.com/DC/Washington/815-Marietta-Pl-NW-20011/home/10039058,BRIGHT MLS,DCDC2132176,N,Y,38.9593651,-77.0248166
PAST SALE,March-7-2024,Condo/Co-op,702 Otis Pl NW,Washington,DC,20010,685000,3,3.0,Columbia Heights,1686,,1919,,406,229,Sold,,,https://www.redfin.com/DC/Washington/702-Otis-Pl-NW-20010/home/190487874,BRIGHT MLS,DCDC2136666,N,Y,38.9344901,-77.0223347
PAST SALE,,Townhouse,3927 5th St NW,Washington,DC,20011,915000,3,2.5,,1586,2000,1910,,577,,,,,https://www.redfin.com/DC/Washington/3927-5th-St-NW-20011/home/10059539,,,N,Y,38.9397238,-77.0187372
PAST SALE,,Condo/Co-op,1633 Newton St NW #3,Washington,DC,20010,480000,2,1.0,,890,,1996,,539,,,,,https://www.redfin.com/DC/Washington/1633-Newton-St-NW-20010/unit-3/home/10011191,,,N,Y,38.933957,-77.0376474
PAST SALE,,Single Family Residential,2934 Ellicott Ter NW,Washington,DC,20008,1600000,3,3.0,,1896,18560,1962,,844,,,,,https://www.redfin.com/DC/Washington/2934-Ellicott-Ter-NW-20008/home/9992312,,,N,Y,38.953005,-77.0604319
PAST SALE,April-16-2024,Condo/Co-op,3001 Veazey Ter NW #1510,Washington,DC,20008,560000,2,2.0,Forest Hills,1485,,1967,,377,1467,Sold,,,https://www.redfin.com/DC/Washington/3001-Veazey-Ter-NW-20008/unit-1510/home/143393275,BRIGHT MLS,DCDC2138084,N,Y,38.9449325,-77.0617849
PAST SALE,May-24-2024,Condo/Co-op,701 Quincy St NE #6,Washington,DC,20017,499500,2,2.0,Brookland,850,,2024,,588,180,Sold,,,https://www.redfin.com/DC/Washington/701-Quincy-St-NE-20017/unit-6/home/190665885,BRIGHT MLS,DCDC2139872,N,Y,38.9380065,-76.9948848
PAST SALE,April-8-2024,Single Family Residential,6012 Nebraska Ave NW,Washington,DC,20015,1425000,4,3.5,Chevy Chase,4200,5584,1955,,339,,Sold,,,https://www.redfin.com/DC/Washington/6012-Nebraska-Ave-NW-20015/home/9994204,BRIGHT MLS,DCDC2128222,N,Y,38.9691583,-77.0575032
PAST SALE,April-29-2024,Condo/Co-op,3001 Veazey Ter NW #634,Washington,DC,20008,580000,2,2.0,Forest Hills,,,1967,,,1583,Sold,,,https://www.redfin.com/DC/Washington/3001-Veazey-Ter-NW-20008/unit-634/home/143322588,BRIGHT MLS,DCDC2140268,N,Y,38.9449325,-77.0617849
PAST SALE,March-28-2024,Condo/Co-op,911 Kennedy St NW #7,Washington,DC,20011,430000,2,2.5,Petworth,911,,2007,,472,280,Sold,,,https://www.redfin.com/DC/Washington/911-Kennedy-St-NW-20011/unit-7/home/21644329,BRIGHT MLS,DCDC2125138,N,Y,38.9565153,-77.026378
PAST SALE,,Single Family Residential,5605 32nd St NW,Washington,DC,20015,609900,3,3.0,,1494,5000,1933,,408,,,,,https://www.redfin.com/DC/Washington/5605-32nd-St-NW-20015/home/9993650,,,N,Y,38.965206,-77.0636306
PAST SALE,,Other,1419 Spring Rd NW,Washington,DC,20010,330000,,,,,3916,,,,,,,,https://www.redfin.com/DC/Washington/1419-Spring-Rd-NW-20010/home/10015552,,,N,Y,38.9375669,-77.0337665
PAST SALE,May-10-2024,Condo/Co-op,30 Kennedy St NW #16,Washington,DC,20011,419900,1,1.0,Chillum,620,,2023,,677,219,Sold,,,https://www.redfin.com/DC/Washington/30-Kennedy-St-NW-20011/unit-16/home/188078719,BRIGHT MLS,DCDC2115904,N,Y,38.9564035,-77.0113173
PAST SALE,April-22-2024,Condo/Co-op,30 Kennedy St NW #8,Washington,DC,20011,485000,2,2.0,Chillum,846,,2023,,573,219,Sold,,,https://www.redfin.com/DC/Washington/30-Kennedy-St-NW-20011/unit-8/home/189648119,BRIGHT MLS,DCDC2127318,N,Y,38.9564035,-77.0113173
PAST SALE,March-22-2024,Townhouse,4316 2nd St NW,Washington,DC,20011,1380000,4,3.5,Petworth,2862,3283,1925,,482,,Sold,,,https://www.redfin.com/DC/Washington/4316-2nd-St-NW-20011/home/10065328,BRIGHT MLS,DCDC2131360,N,Y,38.9438244,-77.0144909
PAST SALE,March-13-2024,Single Family Residential,44 Sheridan St NE,Washington,DC,20011,450000,3,2.0,Takoma,1768,4820,1950,,255,,Sold,,,https://www.redfin.com/DC/Washington/44-Sheridan-St-NE-20011/home/10079155,BRIGHT MLS,DCDC2124586,N,Y,38.9666447,-77.0068784
PAST SALE,May-20-2024,Condo/Co-op,3883 Connecticut Ave NW #508,Washington,DC,20008,450000,1,1.0,Forest Hills,707,,2002,,636,601,Sold,,,https://www.redfin.com/DC/Washington/3883-Connecticut-Ave-NW-20008/unit-508/home/10194563,BRIGHT MLS,DCDC2137858,N,Y,38.9401354,-77.0599093
PAST SALE,May-24-2024,Townhouse,1413 Buchanan St NW,Washington,DC,20011,702885,4,2.5,16th Street Heights,1698,2160,1910,,414,,Sold,,,https://www.redfin.com/DC/Washington/1413-Buchanan-St-NW-20011/home/10016841,BRIGHT MLS,DCDC2141930,N,Y,38.9463136,-77.0337102
PAST SALE,May-11-2024,Townhouse,811 Buchanan St NW,Washington,DC,20011,825000,3,2.0,Petworth,1920,2850,1922,,430,,Sold,,,https://www.redfin.com/DC/Washington/811-Buchanan-St-NW-20011/home/10041274,BRIGHT MLS,DCDC2141358,N,Y,38.946363,-77.0242572
PAST SALE,May-9-2024,Single Family Residential,854 Venable Pl NW,Washington,DC,20012,1010000,6,4.5,Brightwood,4143,3862,1926,,244,,Sold,,,https://www.redfin.com/DC/Washington/854-Venable-Pl-NW-20012/home/10038140,BRIGHT MLS,DCDC2138010,N,Y,38.9705681,-77.0257233
PAST SALE,,Single Family Residential,514 Tuckerman St NW,Washington,DC,20011,700000,3,2.0,,1054,1760,1927,,664,,,,,https://www.redfin.com/DC/Washington/514-Tuckerman-St-NW-20011/home/10055197,,,N,Y,38.9671193,-77.0204949
PAST SALE,May-13-2024,Townhouse,135 Varnum St NW,Washington,DC,20011,1075000,5,3.5,Petworth,2400,2411,1919,,448,,Sold,,,https://www.redfin.com/DC/Washington/135-Varnum-St-NW-20011/home/10065521,BRIGHT MLS,DCDC2136092,N,Y,38.9434423,-77.0137194
PAST SALE,April-15-2024,Townhouse,1017 Spring Rd NW #1,Washington,DC,20010,499000,3,2.5,Columbia Heights,1505,,2022,,332,400,Sold,,,https://www.redfin.com/DC/Washington/1017-Spring-Rd-NW-20010/unit-1/home/185814175,BRIGHT MLS,DCDC2132616,N,Y,38.9359958,-77.0277418
PAST SALE,May-28-2024,Townhouse,622 Hamilton St NW,Washington,DC,20011,737500,3,2.5,Petworth,1505,2200,1926,,490,,Sold,,,https://www.redfin.com/DC/Washington/622-Hamilton-St-NW-20011/home/10057264,BRIGHT MLS,DCDC2141200,N,Y,38.9529374,-77.0209735
PAST SALE,May-1-2024,Townhouse,18 Tuckerman St NW,Washington,DC,20011,450000,3,1.5,Takoma,1504,3068,1947,,299,,Sold,,,https://www.redfin.com/DC/Washington/18-Tuckerman-St-NW-20011/home/10068213,BRIGHT MLS,DCDC2135866,N,Y,38.967049,-77.009665
PAST SALE,April-25-2024,Condo/Co-op,3601 Connecticut Ave NW #206,Washington,DC,20008,764500,2,2.0,Forest Hills,1400,,1928,,546,1567,Sold,,,https://www.redfin.com/DC/Washington/3601-Connecticut-Ave-NW-20008/unit-206/home/143421928,BRIGHT MLS,DCDC2131482,N,Y,38.9379083,-77.0586498
PAST SALE,April-9-2024,Townhouse,3934 14th St NW #202,Washington,DC,20011,524900,2,2.0,COLUMBIA HEIGHTS,815,,2023,,644,292,Sold,,,https://www.redfin.com/DC/Washington/3934-14th-St-NW-20011/unit-202/home/187666285,BRIGHT MLS,DCDC2123922,N,Y,38.9396091,-77.0330243
PAST SALE,May-20-2024,Condo/Co-op,3934 14th St NW #401,Washington,DC,20011,424900,1,1.0,COLUMBIA HEIGHTS,524,,2024,,811,187,Sold,,,https://www.redfin.com/DC/Washington/3934-14th-St-NW-20011/unit-401/home/190677908,BRIGHT MLS,DCDC2140082,N,Y,38.9396091,-77.0330243
PAST SALE,May-17-2024,Single Family Residential,3226 Northampton St NW,Washington,DC,20015,1550000,5,3.5,Chevy Chase,3244,7188,1936,,478,,Sold,,,https://www.redfin.com/DC/Washington/3226-Northampton-St-NW-20015/home/9980461,BRIGHT MLS,DCDC2138606,N,Y,38.9656729,-77.0660927
PAST SALE,March-28-2024,Townhouse,1688 Oak St NW #22,Washington,DC,20010,965000,3,2.5,Mount Pleasant,1658,,1982,,582,657,Sold,,,https://www.redfin.com/DC/Washington/1688-Oak-St-NW-20010/unit-22/home/10010921,BRIGHT MLS,DCDC2132384,N,Y,38.9360481,-77.0386002
PAST SALE,April-30-2024,Townhouse,424 Ingraham St NW,Washington,DC,20011,835000,4,3.5,Petworth,2322,2850,1932,,360,,Sold,,,https://www.redfin.com/DC/Washington/424-Ingraham-St-NW-20011/home/10061233,BRIGHT MLS,DCDC2135628,N,Y,38.9541353,-77.018674
PAST SALE,,Single Family Residential,5217 Chillum Pl NE,Washington,DC,20011,629000,3,1.5,,1156,2082,1953,,544,,,,,https://www.redfin.com/DC/Washington/5217-Chillum-Pl-NE-20011/home/10081987,,,N,Y,38.955627,-76.9925727
PAST SALE,May-2-2024,Condo/Co-op,3883 Connecticut Ave NW #208,Washington,DC,20008,503000,1,1.0,Forest Hills,707,,2002,,711,601,Sold,,,https://www.redfin.com/DC/Washington/3883-Connecticut-Ave-NW-20008/unit-208/home/10194422,BRIGHT MLS,DCDC2132734,N,Y,38.9401551,-77.0599285
PAST SALE,May-6-2024,Single Family Residential,5208 13th St NW,Washington,DC,20011,1160000,4,2.5,16th Street Heights,2296,4300,1921,,505,,Sold,,,https://www.redfin.com/DC/Washington/5208-13th-St-NW-20011/home/10024690,BRIGHT MLS,DCDC2136570,N,Y,38.9535827,-77.0300259
PAST SALE,May-6-2024,Townhouse,764 Kennedy St NE,Washington,DC,20011,575000,3,3.5,Riggs Park,1668,2311,1952,,345,,Sold,,,https://www.redfin.com/DC/Washington/764-Kennedy-St-NE-20011/home/10081372,BRIGHT MLS,DCDC2133772,N,Y,38.9574961,-76.995346
PAST SALE,April-30-2024,Condo/Co-op,2723 Ordway St NW #4,Washington,DC,20008,451000,1,1.0,Forest Hills,773,,1944,,583,595,Sold,,,https://www.redfin.com/DC/Washington/2723-Ordway-St-NW-20008/unit-4/home/9990728,BRIGHT MLS,DCDC2135892,N,Y,38.9349048,-77.0556593
PAST SALE,April-26-2024,Single Family Residential,75 Sheridan St NE,Washington,DC,20011,915000,4,3.5,Takoma,2660,4800,1942,,344,,Sold,,,https://www.redfin.com/DC/Washington/75-Sheridan-St-NE-20011/home/10078990,BRIGHT MLS,DCDC2134788,N,Y,38.9662046,-77.0054769
PAST SALE,April-30-2024,Single Family Residential,1707 Allison St NW,Washington,DC,20011,1795000,4,3.5,Crestwood,3765,5293,1926,,477,,Sold,,,https://www.redfin.com/DC/Washington/1707-Allison-St-NW-20011/home/10012885,BRIGHT MLS,DCDC2135862,N,Y,38.9453122,-77.0399951
PAST SALE,April-19-2024,Condo/Co-op,4444 Connecticut Ave NW #505,Washington,DC,20008,570000,2,1.5,North Cleveland Park,969,,1983,,588,488,Sold,,,https://www.redfin.com/DC/Washington/4444-Connecticut-Ave-NW-20008/unit-505/home/9975841,BRIGHT MLS,DCDC2133874,N,Y,38.9477647,-77.065961
PAST SALE,April-29-2024,Single Family Residential,817 Quintana Pl NW,Washington,DC,20011,890000,4,3.5,Brightwood,2654,2400,1923,,335,,Sold,,,https://www.redfin.com/DC/Washington/817-Quintana-Pl-NW-20011/home/10038763,BRIGHT MLS,DCDC2134040,N,Y,38.964529,-77.025577
PAST SALE,May-20-2024,Townhouse,821 Taylor St NE,Washington,DC,20017,500000,3,2.0,Brookland,1607,3283,1939,,311,,Sold,,,https://www.redfin.com/DC/Washington/821-Taylor-St-NE-20017/home/10086145,BRIGHT MLS,DCDC2135090,N,Y,38.9405216,-76.9937933
PAST SALE,April-5-2024,Townhouse,425 Emerson St NW,Washington,DC,20011,1246000,5,3.5,Petworth,2460,2800,1928,,507,,Sold,,,https://www.redfin.com/DC/Washington/425-Emerson-St-NW-20011/home/10060756,BRIGHT MLS,DCDC2130416,N,Y,38.9501407,-77.0185821
PAST SALE,May-10-2024,Townhouse,512 Peabody St NW,Washington,DC,20011,525000,4,2.0,Brightwood,1616,2442,1929,,325,,Sold,,,https://www.redfin.com/DC/Washington/512-Peabody-St-NW-20011/home/10055946,BRIGHT MLS,DCDC2134974,N,Y,38.9625061,-77.0205457
PAST SALE,April-19-2024,Townhouse,46 Hamilton St NW,Washington,DC,20011,880000,4,3.5,Petworth,2052,2466,1936,,429,,Sold,,,https://www.redfin.com/DC/Washington/46-Hamilton-St-NW-20011/home/10069658,BRIGHT MLS,DCDC2129774,N,Y,38.9532426,-77.0105697
PAST SALE,April-1-2024,Townhouse,688 Nicholson St NE,Washington,DC,20011,490000,3,1.5,Riggs Park,1531,2592,1950,,320,,Sold,,,https://www.redfin.com/DC/Washington/688-Nicholson-St-NE-20011/home/10080559,BRIGHT MLS,DCDC2127830,N,Y,38.9583372,-76.9956047
PAST SALE,May-13-2024,Single Family Residential,5920 16th St NW,Washington,DC,20011,1245000,4,4.0,16th Street Heights,3778,4897,1937,,330,,Sold,,,https://www.redfin.com/DC/Washington/5920-16th-St-NW-20011/home/10019682,BRIGHT MLS,DCDC2137510,N,Y,38.9621909,-77.0367559
PAST SALE,May-28-2024,Condo/Co-op,3701 Connecticut Ave NW #128,Washington,DC,20008,300000,1,1.0,Forest Hills,682,,1951,,440,730,Sold,,,https://www.redfin.com/DC/Washington/3701-Connecticut-Ave-NW-20008/unit-128/home/9990838,BRIGHT MLS,DCDC2135480,N,Y,38.9383349,-77.0592347
PAST SALE,April-15-2024,Single Family Residential,2964 Chesapeake St NW,Washington,DC,20008,2475000,4,4.0,Forest Hills,4134,9500,1938,,599,,Sold,,,https://www.redfin.com/DC/Washington/2964-Chesapeake-St-NW-20008/home/9991955,BRIGHT MLS,DCDC2130796,N,Y,38.9505358,-77.0598532
PAST SALE,April-3-2024,Townhouse,926 Shepherd St NW,Washington,DC,20011,1125000,4,3.5,Columbia Heights,2102,1883,2023,,535,,Sold,,,https://www.redfin.com/DC/Washington/926-Shepherd-St-NW-20011/home/10179557,BRIGHT MLS,DCDC2130196,N,Y,38.9395522,-77.0260181
PAST SALE,May-21-2024,Condo/Co-op,3039 Macomb St NW #23,Washington,DC,20008,332500,1,1.0,Cleveland Park,675,,1923,,493,736,Sold,,,https://www.redfin.com/DC/Washington/3039-Macomb-St-NW-20008/unit-23/home/171740267,BRIGHT MLS,DCDC2135816,N,Y,38.9337289,-77.0614383
PAST SALE,May-30-2024,Townhouse,6427 8th St NW,Washington,DC,20012,780000,3,3.5,Brightwood,1825,1696,2018,,427,,Sold,,,https://www.redfin.com/DC/Washington/6427-8th-St-NW-20012/home/10053263,BRIGHT MLS,DCDC2140990,N,Y,38.9682856,-77.024005
PAST SALE,March-21-2024,Single Family Residential,5103 13th St NW,Washington,DC,20011,1100000,4,2.5,16th Street Heights,2279,4000,1917,,483,,Sold,,,https://www.redfin.com/DC/Washington/5103-13th-St-NW-20011/home/10035512,BRIGHT MLS,DCDC2128442,N,Y,38.9521978,-77.0294623
PAST SALE,March-14-2024,Condo/Co-op,3001 Veazey Ter NW #1529,Washington,DC,20008,260000,1,1.0,Forest Hills,936,,1967,,278,979,Sold,,,https://www.redfin.com/DC/Washington/3001-Veazey-Ter-NW-20008/unit-1529/home/189093176,BRIGHT MLS,DCDC2123576,N,Y,38.9449325,-77.0617849
PAST SALE,June-3-2024,Single Family Residential,5446 30th St NW,Washington,DC,20015,1600000,4,3.5,Chevy Chase,2877,5805,1936,,556,,Sold,,,https://www.redfin.com/DC/Washington/5446-30th-St-NW-20015/home/9992972,BRIGHT MLS,DCDC2137354,N,Y,38.9625589,-77.0602891
PAST SALE,March-29-2024,Condo/Co-op,1355 Shepherd St NW #3,Washington,DC,20011,697000,2,2.0,Columbia Heights,1062,,1913,,656,343,Sold,,,https://www.redfin.com/DC/Washington/1355-Shepherd-St-NW-20011/unit-3/home/10345271,BRIGHT MLS,DCDC2129480,N,Y,38.939986,-77.0319998
PAST SALE,April-19-2024,Townhouse,746 Quebec Pl NW,Washington,DC,20010,899000,4,2.0,Columbia Heights,2541,1635,1912,,354,,Sold,,,https://www.redfin.com/DC/Washington/746-Quebec-Pl-NW-20010/home/10042237,BRIGHT MLS,DCDC2134016,N,Y,38.9358221,-77.0228139
PAST SALE,April-1-2024,Townhouse,232 Gallatin St NW,Washington,DC,20011,670000,3,2.0,Petworth,1582,2286,1937,,424,,Sold,,,https://www.redfin.com/DC/Washington/232-Gallatin-St-NW-20011/home/10065820,BRIGHT MLS,DCDC2126542,N,Y,38.9520347,-77.0147278
PAST SALE,May-17-2024,Single Family Residential,5501 29th St NW,Washington,DC,20015,1150000,2,2.0,Chevy Chase,1592,6209,1951,,722,,Sold,,,https://www.redfin.com/DC/Washington/5501-29th-St-NW-20015/home/9993335,BRIGHT MLS,DCDC2138672,N,Y,38.963971,-77.0585264
PAST SALE,May-20-2024,Townhouse,4832 7th St NW,Washington,DC,20011,745000,3,3.5,Petworth,1949,1584,1925,,382,,Sold,,,https://www.redfin.com/DC/Washington/4832-7th-St-NW-20011/home/10051561,BRIGHT MLS,DCDC2139034,N,Y,38.9494809,-77.0222216
PAST SALE,April-30-2024,Single Family Residential,1421 Spring Rd NW #301,Washington,DC,20010,650000,3,2.0,COLUMBIA HEIGHTS,1086,,2023,,599,258,Sold,,,https://www.redfin.com/DC/Washington/1421-Spring-Rd-NW-20010/unit-301/home/190188075,BRIGHT MLS,DCDC2132858,N,Y,38.9375847,-77.033873
PAST SALE,March-22-2024,Townhouse,6155 1st Pl NE,Washington,DC,20011,585000,3,2.5,Takoma,1287,2433,1942,,455,,Sold,,,https://www.redfin.com/DC/Washington/6155-1st-Pl-NE-20011/home/10078830,BRIGHT MLS,DCDC2128674,N,Y,38.9650061,-77.00684
PAST SALE,May-10-2024,Single Family Residential,3121 Patterson St NW,Washington,DC,20015,1266501,4,3.0,Chevy Chase,2865,3678,1951,,442,,Sold,,,https://www.redfin.com/DC/Washington/3121-Patterson-St-NW-20015/home/9994297,BRIGHT MLS,DCDC2133732,N,Y,38.9678302,-77.06193
PAST SALE,May-23-2024,Single Family Residential,5500 Nebraska Ave NW,Washington,DC,20015,2100000,4,5.5,Chevy Chase,3985,6383,1934,,527,,Sold,,,https://www.redfin.com/DC/Washington/5500-Nebraska-Ave-NW-20015/home/9980722,BRIGHT MLS,DCDC2135000,N,Y,38.9633361,-77.0645638
PAST SALE,April-22-2024,Townhouse,634 Farragut St NW,Washington,DC,20011,855000,4,3.5,Petworth,1897,2545,1927,,451,,Sold,,,https://www.redfin.com/DC/Washington/634-Farragut-St-NW-20011/home/10057684,BRIGHT MLS,DCDC2129950,N,Y,38.9508185,-77.0213381
PAST SALE,May-24-2024,Townhouse,1325 Sheridan St NW,Washington,DC,20011,788000,4,3.0,Brightwood,2412,1656,1936,,327,,Sold,,,https://www.redfin.com/DC/Washington/1325-Sheridan-St-NW-20011/home/10023417,BRIGHT MLS,DCDC2139870,N,Y,38.9663405,-77.0307079
PAST SALE,March-8-2024,Townhouse,528 Sheridan St NW,Washington,DC,20011,703000,3,3.5,Brightwood,1481,1734,1928,,475,,Sold,,,https://www.redfin.com/DC/Washington/528-Sheridan-St-NW-20011/home/10055497,BRIGHT MLS,DCDC2127496,N,Y,38.9659624,-77.0210159
PAST SALE,April-10-2024,Single Family Residential,1421 Spring Rd NW #303,Washington,DC,20010,650000,3,2.0,COLUMBIA HEIGHTS,1067,,2023,,609,229,Sold,,,https://www.redfin.com/DC/Washington/1421-Spring-Rd-NW-20010/unit-303/home/187982737,BRIGHT MLS,DCDC2130890,N,Y,38.9375508,-77.0338902
PAST SALE,April-30-2024,Single Family Residential,1247 Underwood St NW,Washington,DC,20012,1015000,4,3.5,Brightwood,2716,4432,1942,,374,,Sold,,,https://www.redfin.com/DC/Washington/1247-Underwood-St-NW-20012/home/10036348,BRIGHT MLS,DCDC2136630,N,Y,38.9692109,-77.0293151
PAST SALE,March-13-2024,Single Family Residential,38 Riggs Rd NE,Washington,DC,20011,849000,4,3.5,Chillum,3443,4357,1900,,247,,Sold,,,https://www.redfin.com/DC/Washington/38-Riggs-Rd-NE-20011/home/10077898,BRIGHT MLS,DCDC2128016,N,Y,38.9553732,-77.0077454
PAST SALE,April-30-2024,Townhouse,1333 Madison St NW,Washington,DC,20011,965000,4,4.0,16th Street Heights,2887,3461,1927,,334,,Sold,,,https://www.redfin.com/DC/Washington/1333-Madison-St-NW-20011/home/10024026,BRIGHT MLS,DCDC2134106,N,Y,38.9585449,-77.0318465
PAST SALE,May-29-2024,Condo/Co-op,824 Taylor St NE #6,Washington,DC,20017,525000,2,2.0,Brookland,931,,2023,,564,177,Sold,,,https://www.redfin.com/DC/Washington/824-Taylor-St-NE-20017/unit-6/home/189499357,BRIGHT MLS,DCDC2136330,N,Y,38.9409562,-76.9936707
PAST SALE,April-26-2024,Townhouse,5123 7th St NW,Washington,DC,20011,735000,3,3.5,Petworth,1536,1367,1927,,479,,Sold,,,https://www.redfin.com/DC/Washington/5123-7th-St-NW-20011/home/10057307,BRIGHT MLS,DCDC2133076,N,Y,38.9526585,-77.0218991
PAST SALE,May-15-2024,Townhouse,4120 10th St NE,Washington,DC,20017,800000,4,2.0,Brookland,2115,2000,1937,,378,,Sold,,,https://www.redfin.com/DC/Washington/4120-10th-St-NE-20017/home/10086007,BRIGHT MLS,DCDC2137470,N,Y,38.9404013,-76.9928561
PAST SALE,May-7-2024,Townhouse,1422 Whittier St NW,Washington,DC,20012,908000,3,2.5,Brightwood,2887,2800,1937,,315,,Sold,,,https://www.redfin.com/DC/Washington/1422-Whittier-St-NW-20012/home/10018899,BRIGHT MLS,DCDC2129040,N,Y,38.9705118,-77.0346878
PAST SALE,May-10-2024,Townhouse,775 Kennedy St NE,Washington,DC,20011,665000,4,3.5,Riggs Park,1496,2094,1951,,445,,Sold,,,https://www.redfin.com/DC/Washington/775-Kennedy-St-NE-20011/home/10081840,BRIGHT MLS,DCDC2135116,N,Y,38.9570914,-76.9946648
PAST SALE,May-1-2024,Single Family Residential,3124 Quesada St NW,Washington,DC,20015,1550000,5,3.5,Chevy Chase,2891,4054,1941,,536,,Sold,,,https://www.redfin.com/DC/Washington/3124-Quesada-St-NW-20015/home/9994252,BRIGHT MLS,DCDC2129622,N,Y,38.9688031,-77.0626509
PAST SALE,March-22-2024,Townhouse,911 Jefferson St NW,Washington,DC,20011,575000,5,2.0,Petworth,2511,3278,1910,,229,,Sold,,,https://www.redfin.com/DC/Washington/911-Jefferson-St-NW-20011/home/11743862,BRIGHT MLS,DCDC2129680,N,Y,38.9553198,-77.0263665
PAST SALE,March-22-2024,Townhouse,732 Rittenhouse St NW,Washington,DC,20011,772500,4,2.0,Brightwood,2384,2600,1925,,324,,Sold,,,https://www.redfin.com/DC/Washington/732-Rittenhouse-St-NW-20011/home/10052701,BRIGHT MLS,DCDC2128548,N,Y,38.9647381,-77.0236705
PAST SALE,April-12-2024,Condo/Co-op,5200 North Capitol St NW #203,Washington,DC,20011,244000,2,1.0,PETWORTH,800,,1940,,305,585,Sold,,,https://www.redfin.com/DC/Washington/5200-N-Capitol-St-NW-20011/unit-203/home/189107319,BRIGHT MLS,DCDC2129630,N,Y,38.9537064,-77.0094129
PAST SALE,May-14-2024,Condo/Co-op,3001 Veazey Ter NW #1209,Washington,DC,20008,299900,1,1.0,VAN NESS NORTH,1000,,1967,,300,1071,Sold,,,https://www.redfin.com/DC/Washington/3001-Veazey-Ter-NW-20008/unit-1209/home/143318194,BRIGHT MLS,DCDC2127224,N,Y,38.9449325,-77.0617849
PAST SALE,April-5-2024,Single Family Residential,801 Van Buren St NW,Washington,DC,20012,695000,3,2.0,Brightwood,2363,4221,1933,,294,,Sold,,,https://www.redfin.com/DC/Washington/801-Van-Buren-St-NW-20012/home/10038193,BRIGHT MLS,DCDC2130408,N,Y,38.9700889,-77.0244436
PAST SALE,May-21-2024,Single Family Residential,3134 Ordway St NW,Washington,DC,20008,1900000,4,3.5,Cleveland Park,2649,4347,1950,,717,,Sold,,,https://www.redfin.com/DC/Washington/3134-Ordway-St-NW-20008/home/9985250,BRIGHT MLS,DCDC2138512,N,Y,38.9361345,-77.0633797
PAST SALE,May-23-2024,Townhouse,1213 Kennedy St NW,Washington,DC,20011,625000,4,1.5,16th Street Heights,2093,2763,1921,,299,,Sold,,,https://www.redfin.com/DC/Washington/1213-Kennedy-St-NW-20011/home/10035837,BRIGHT MLS,DCDC2135704,N,Y,38.956532,-77.028721
PAST SALE,June-3-2024,Single Family Residential,3113 Quebec Pl NW,Washington,DC,20008,1300000,3,2.0,Cleveland Park,1570,4458,1939,,828,,Sold,,,https://www.redfin.com/DC/Washington/3113-Quebec-Pl-NW-20008/home/9984622,BRIGHT MLS,DCDC2136922,N,Y,38.938205,-77.0628999
PAST SALE,June-3-2024,Condo/Co-op,3701 Connecticut Ave NW #305,Washington,DC,20008,285000,1,1.0,Forest Hills,564,,1951,,505,495,Sold,,,https://www.redfin.com/DC/Washington/3701-Connecticut-Ave-NW-20008/unit-305/home/10178515,BRIGHT MLS,DCDC2135526,N,Y,38.9383349,-77.0592347
PAST SALE,May-31-2024,Single Family Residential,6124 32nd Pl NW,Washington,DC,20015,1182000,3,2.0,Chevy Chase,1762,5400,1936,,671,,Sold,,,https://www.redfin.com/DC/Washington/6124-32nd-Pl-NW-20015/home/9980146,BRIGHT MLS,DCDC2138124,N,Y,38.9706796,-77.0653474
PAST SALE,May-24-2024,Townhouse,5074 8th St NE,Washington,DC,20017,620000,3,3.0,Riggs Park,1456,2439,1947,,426,,Sold,,,https://www.redfin.com/DC/Washington/5074-8th-St-NE-20017/home/10083921,BRIGHT MLS,DCDC2139774,N,Y,38.951992,-76.9941754
PAST SALE,April-30-2024,Townhouse,6036 Sligo Mill Rd NE,Washington,DC,20011,455000,3,1.0,Takoma,1416,2882,1947,,321,,Sold,,,https://www.redfin.com/DC/Washington/6036-Sligo-Mill-Rd-NE-20011/home/10078835,BRIGHT MLS,DCDC2134100,N,Y,38.9641404,-77.0066169
PAST SALE,May-7-2024,Single Family Residential,4501 Linnean Ave NW,Washington,DC,20008,2950000,4,3.5,Forest Hills,5960,14556,1934,,495,,Sold,,,https://www.redfin.com/DC/Washington/4501-Linnean-Ave-NW-20008/home/9991692,BRIGHT MLS,DCDC2138562,N,Y,38.9481844,-77.0564499
PAST SALE,May-6-2024,Single Family Residential,3204 Ellicott St NW,Washington,DC,20008,2100000,3,3.5,Forest Hills,4449,8057,1984,,472,,Sold,,,https://www.redfin.com/DC/Washington/3204-Ellicott-St-NW-20008/home/9981396,BRIGHT MLS,DCDC2134150,N,Y,38.9531487,-77.0660323
PAST SALE,May-17-2024,Townhouse,925 Upshur St NE,Washington,DC,20017,760000,3,2.0,Brookland,2986,3200,1930,,255,,Sold,,,https://www.redfin.com/DC/Washington/925-Upshur-St-NE-20017/home/10085931,BRIGHT MLS,DCDC2135988,N,Y,38.9415995,-76.9932311
PAST SALE,May-8-2024,Townhouse,761 Kennedy St NE,Washington,DC,20011,637500,3,2.5,Riggs Park,1632,2838,1951,,391,,Sold,,,https://www.redfin.com/DC/Washington/761-Kennedy-St-NE-20011/home/10081831,BRIGHT MLS,DCDC2136582,N,Y,38.9571062,-76.9950329
PAST SALE,May-15-2024,Townhouse,605 Tuckerman St NW,Washington,DC,20011,476000,3,1.5,Brightwood,1100,1789,1929,,433,,Sold,,,https://www.redfin.com/DC/Washington/605-Tuckerman-St-NW-20011/home/10054867,BRIGHT MLS,DCDC2136526,N,Y,38.9674831,-77.0215083
PAST SALE,March-8-2024,Townhouse,624 Madison St NE,Washington,DC,20011,407000,3,1.5,Riggs Park,1504,3293,1951,,271,,Sold,,,https://www.redfin.com/DC/Washington/624-Madison-St-NE-20011/home/10080936,BRIGHT MLS,DCDC2126922,N,Y,38.9581115,-76.9979557
PAST SALE,May-16-2024,Condo/Co-op,738 Longfellow St NW #113,Washington,DC,20011,227500,1,1.0,Petworth,558,,1900,,408,426,Sold,,,https://www.redfin.com/DC/Washington/738-Longfellow-St-NW-20011/unit-113/home/12530560,BRIGHT MLS,DCDC2137636,N,Y,38.957106,-77.0236779
PAST SALE,April-9-2024,Townhouse,6313 9th St NW,Washington,DC,20011,650000,3,2.0,Brightwood,1515,1500,1926,,429,,Sold,,,https://www.redfin.com/DC/Washington/6313-9th-St-NW-20011/home/10038528,BRIGHT MLS,DCDC2132114,N,Y,38.9668283,-77.0257482
PAST SALE,May-3-2024,Townhouse,5121 3rd St NW,Washington,DC,20011,740000,4,3.5,Petworth,1827,1561,1936,,405,,Sold,,,https://www.redfin.com/DC/Washington/5121-3rd-St-NW-20011/home/10065903,BRIGHT MLS,DCDC2135722,N,Y,38.9528962,-77.0156913
PAST SALE,June-4-2024,Townhouse,3415 Mount Pleasant St NW,Washington,DC,20010,1435000,4,2.5,Mount Pleasant,2448,2209,1914,,586,,Sold,,,https://www.redfin.com/DC/Washington/3415-Mount-Pleasant-St-NW-20010/home/10010712,BRIGHT MLS,DCDC2134256,N,Y,38.9346691,-77.0396983
PAST SALE,April-22-2024,Townhouse,92 Tuckerman St NW,Washington,DC,20011,555000,3,1.5,Takoma,1612,1597,1948,,344,,Sold,,,https://www.redfin.com/DC/Washington/92-Tuckerman-St-NW-20011/home/10068250,BRIGHT MLS,DCDC2132414,N,Y,38.9678158,-77.0112973
PAST SALE,May-10-2024,Single Family Residential,5475 Nebraska Ave NW,Washington,DC,20015,1305000,3,3.5,Chevy Chase,2504,6615,1938,,521,,Sold,,,https://www.redfin.com/DC/Washington/5475-Nebraska-Ave-NW-20015/home/9980822,BRIGHT MLS,DCDC2135776,N,Y,38.963045,-77.0641141
PAST SALE,April-18-2024,Townhouse,4963 12th St NE,Washington,DC,20017,615000,3,2.5,Riggs Park,1546,2330,1947,,398,,Sold,,,https://www.redfin.com/DC/Washington/4963-12th-St-NE-20017/home/10089610,BRIGHT MLS,DCDC2134070,N,Y,38.9498704,-76.9903063
PAST SALE,March-19-2024,Single Family Residential,2820 Ellicott St NW,Washington,DC,20008,1811000,4,2.5,Forest Hills,3542,11289,1960,,511,,Sold,,,https://www.redfin.com/DC/Washington/2820-Ellicott-St-NW-20008/home/9992343,BRIGHT MLS,DCDC2128474,N,Y,38.9527094,-77.0581329
PAST SALE,April-30-2024,Condo/Co-op,3001 Porter St NW #204,Washington,DC,20008,375000,2,1.0,Cleveland Park,750,,1923,,500,679,Sold,,,https://www.redfin.com/DC/Washington/3001-Porter-St-NW-20008/unit-204/home/45396272,BRIGHT MLS,DCDC2133038,N,Y,38.9373805,-77.0610686
PAST SALE,April-2-2024,Townhouse,811 Kennedy St NE,Washington,DC,20011,549000,3,1.5,Riggs Park,1386,3870,1959,,396,,Sold,,,https://www.redfin.com/DC/Washington/811-Kennedy-St-NE-20011/home/10081922,BRIGHT MLS,DCDC2129688,N,Y,38.9570923,-76.993441
PAST SALE,April-18-2024,Condo/Co-op,705 Taylor St NW Unit B,Washington,DC,20011,799900,3,3.5,PETWORTH,1756,,2023,,456,224,Sold,,,https://www.redfin.com/DC/Washington/705-Taylor-St-NW-20011/unit-B/home/189146332,BRIGHT MLS,DCDC2124386,N,Y,38.9410862,-77.0218345
PAST SALE,April-26-2024,Townhouse,723 Nicholson St NW,Washington,DC,20011,796000,3,3.5,Brightwood,2002,4468,1939,,398,,Sold,,,https://www.redfin.com/DC/Washington/723-Nicholson-St-NW-20011/home/10052479,BRIGHT MLS,DCDC2133532,N,Y,38.9603489,-77.0234272
PAST SALE,April-30-2024,Condo/Co-op,5109 2nd St NW #3,Washington,DC,20011,415000,2,2.0,Petworth,833,,1937,,498,273,Sold,,,https://www.redfin.com/DC/Washington/5109-2nd-St-NW-20011/unit-3/home/122184834,BRIGHT MLS,DCDC2134542,N,Y,38.9526462,-77.0132859
PAST SALE,May-3-2024,Single Family Residential,5600 Colorado Ave NW,Washington,DC,20011,1195000,5,4.0,16th Street Heights,3586,3759,1911,,333,,Sold,,,https://www.redfin.com/DC/Washington/5600-Colorado-Ave-NW-20011/home/10024226,BRIGHT MLS,DCDC2135316,N,Y,38.9574401,-77.0326048
PAST SALE,March-22-2024,Condo/Co-op,524 Jefferson St NW #2,Washington,DC,20011,545000,2,2.0,Petworth,1033,,1932,,528,144,Sold,,,https://www.redfin.com/DC/Washington/524-Jefferson-St-NW-20011/unit-2/home/169565177,BRIGHT MLS,DCDC2128350,N,Y,38.9552185,-77.0208847
PAST SALE,May-6-2024,Townhouse,3002 Ordway St NW,Washington,DC,20008,1528000,4,3.0,Cleveland Park,2650,3125,1925,,577,,Sold,,,https://www.redfin.com/DC/Washington/3002-Ordway-St-NW-20008/home/9985211,BRIGHT MLS,DCDC2132124,N,Y,38.9356916,-77.061313
PAST SALE,May-16-2024,Townhouse,3640 13th St NW,Washington,DC,20010,675000,3,,Columbia Heights,1970,2125,1908,,343,,Sold,,,https://www.redfin.com/DC/Washington/3640-13th-St-NW-20010/home/10026669,BRIGHT MLS,DCDC2132870,N,Y,38.9357693,-77.0300089
PAST SALE,March-26-2024,Condo/Co-op,2939 Van Ness St NW #943,Washington,DC,20008,249000,1,1.0,Forest Hills,563,,1964,,442,697,Sold,,,https://www.redfin.com/DC/Washington/2939-Van-Ness-St-NW-20008/unit-943/home/9983382,BRIGHT MLS,DCDC2129124,N,Y,38.9444021,-77.0601378
PAST SALE,May-28-2024,Single Family Residential,109 Rittenhouse St NW,Washington,DC,20011,625000,3,1.0,Chillum,1335,5348,1936,,468,,Sold,,,https://www.redfin.com/DC/Washington/109-Rittenhouse-St-NW-20011/home/10068357,BRIGHT MLS,DCDC2138120,N,Y,38.9651772,-77.012522
PAST SALE,May-10-2024,Single Family Residential,5440 Nebraska Ave NW,Washington,DC,20015,1300000,4,2.5,Chevy Chase,1729,5000,1926,,752,,Sold,,,https://www.redfin.com/DC/Washington/5440-Nebraska-Ave-NW-20015/home/9980717,BRIGHT MLS,DCDC2128444,N,Y,38.9624947,-77.0652833
PAST SALE,May-31-2024,Townhouse,5128 5th St NW,Washington,DC,20011,520000,3,1.0,Petworth,1480,1818,1928,,351,,Sold,,,https://www.redfin.com/DC/Washington/5128-5th-St-NW-20011/home/10057333,BRIGHT MLS,DCDC2138776,N,Y,38.9529394,-77.0200138
PAST SALE,March-29-2024,Townhouse,5722 5th St NW,Washington,DC,20011,807000,4,3.5,Brightwood,2028,4068,1927,,398,,Sold,,,https://www.redfin.com/DC/Washington/5722-5th-St-NW-20011/home/10056299,BRIGHT MLS,DCDC2128098,N,Y,38.9596271,-77.0201511
PAST SALE,May-14-2024,Condo/Co-op,4007 Connecticut Ave NW #510,Washington,DC,20008,365000,1,1.0,Forest Hills,655,,1930,,557,335,Sold,,,https://www.redfin.com/DC/Washington/4007-Connecticut-Ave-NW-20008/unit-510/home/10183913,BRIGHT MLS,DCDC2135946,N,Y,38.9412597,-77.0613484
PAST SALE,April-12-2024,Townhouse,731 Oneida Pl NW,Washington,DC,20011,759000,3,2.0,Brightwood,1790,2045,1950,,424,,Sold,,,https://www.redfin.com/DC/Washington/731-Oneida-Pl-NW-20011/home/10052555,BRIGHT MLS,DCDC2132080,N,Y,38.962499,-77.023796
PAST SALE,May-28-2024,Townhouse,5745 13th St NW,Washington,DC,20011,850000,3,3.0,16th Street Heights,2492,1827,1930,,341,,Sold,,,https://www.redfin.com/DC/Washington/5745-13th-St-NW-20011/home/166630071,BRIGHT MLS,DCDC2139712,N,Y,38.9597708,-77.0293498
PAST SALE,May-3-2024,Townhouse,720 Sheridan St NW,Washington,DC,20011,685000,3,3.0,Brightwood,1652,1718,1926,,415,,Sold,,,https://www.redfin.com/DC/Washington/720-Sheridan-St-NW-20011/home/10052929,BRIGHT MLS,DCDC2135038,N,Y,38.9659495,-77.0233342
PAST SALE,April-24-2024,Single Family Residential,217 Quackenbos St NW,Washington,DC,20011,810000,3,3.0,Chillum,2475,8075,1925,,327,,Sold,,,https://www.redfin.com/DC/Washington/217-Quackenbos-St-NW-20011/home/10066913,BRIGHT MLS,DCDC2132990,N,Y,38.9640144,-77.0146622
PAST SALE,,Condo/Co-op,939 Longfellow St NW #310,Washington,DC,20011,295000,2,1.0,,854,,1940,,345,,,,,https://www.redfin.com/DC/Washington/939-Longfellow-St-NW-20011/unit-310/home/10345526,,,N,Y,38.9575666,-77.0272775
PAST SALE,March-13-2024,Townhouse,5113 2nd St NW,Washington,DC,20011,964000,6,4.0,Petworth,3004,4150,1948,,321,,Sold,,,https://www.redfin.com/DC/Washington/5113-2nd-St-NW-20011/home/10069810,BRIGHT MLS,DCDC2126010,N,Y,38.9527684,-77.0132648
PAST SALE,April-19-2024,Condo/Co-op,4600 Connecticut Ave NW #203,Washington,DC,20008,241000,1,1.0,Wakefield,553,,1948,,436,647,Sold,,,https://www.redfin.com/DC/Washington/4600-Connecticut-Ave-NW-20008/unit-203/home/9976186,BRIGHT MLS,DCDC2132560,N,Y,38.9502949,-77.0675324
PAST SALE,May-17-2024,Single Family Residential,615 Oglethorpe St NW,Washington,DC,20011,878939,3,3.0,Brightwood,2233,3665,1930,,394,,Sold,,,https://www.redfin.com/DC/Washington/615-Oglethorpe-St-NW-20011/home/10056075,BRIGHT MLS,DCDC2138254,N,Y,38.9614999,-77.0218465
PAST SALE,March-29-2024,Townhouse,3417 Porter St NW,Washington,DC,20016,1535000,5,3.5,Cleveland Park,2682,3598,1921,,572,,Sold,,,https://www.redfin.com/DC/Washington/3417-Porter-St-NW-20016/home/9984724,BRIGHT MLS,DCDC2129744,N,Y,38.9375642,-77.0670652
PAST SALE,May-15-2024,Townhouse,443 Randolph St NW,Washington,DC,20011,750000,3,2.5,Petworth,1918,1600,1914,,391,,Sold,,,https://www.redfin.com/DC/Washington/443-Randolph-St-NW-20011/home/10059520,BRIGHT MLS,DCDC2137306,N,Y,38.9390599,-77.0185281
PAST SALE,May-13-2024,Condo/Co-op,1300 Taylor St NW #101,Washington,DC,20011,582000,2,2.0,Columbia Heights,1126,,1925,,517,678,Sold,,,https://www.redfin.com/DC/Washington/1300-Taylor-St-NW-20011/unit-101/home/10345249,BRIGHT MLS,DCDC2135054,N,Y,38.9406113,-77.0301127
PAST SALE,May-23-2024,Townhouse,1312 Shepherd St NW,Washington,DC,20011,1150000,4,3.5,Columbia Heights,2704,2655,1923,,425,,Sold,,,https://www.redfin.com/DC/Washington/1312-Shepherd-St-NW-20011/home/10025832,BRIGHT MLS,DCDC2129764,N,Y,38.9395114,-77.0303761
PAST SALE,April-30-2024,Single Family Residential,6408 4th Ave,Takoma Park,MD,20912,644900,4,3.5,TAKOMA PARK,1998,5500,1963,,323,,Sold,,,https://www.redfin.com/MD/Takoma-Park/6408-4th-Ave-20912/home/11146048,BRIGHT MLS,MDMC2124564,N,Y,38.9685601,-77.0046869
PAST SALE,June-3-2024,Single Family Residential,6320 Piney Branch Rd NW,Washington,DC,20011,1510000,7,6.0,BRIGHTWOOD,5400,7991,2023,,280,,Sold,,,https://www.redfin.com/DC/Washington/6320-Piney-Branch-Rd-NW-20011/home/177099471,BRIGHT MLS,DCDC2134938,N,Y,38.967014,-77.028702
PAST SALE,March-29-2024,Single Family Residential,1319 Emerson St NW,Washington,DC,20011,900000,3,2.5,16th Street Heights,1858,7100,1920,,484,,Sold,,,https://www.redfin.com/DC/Washington/1319-Emerson-St-NW-20011/home/10024954,BRIGHT MLS,DCDC2131076,N,Y,38.9499513,-77.0315816
PAST SALE,April-22-2024,Townhouse,332 Allison St NW,Washington,DC,20011,633000,3,2.0,Petworth,2251,2850,1929,,281,,Sold,,,https://www.redfin.com/DC/Washington/332-Allison-St-NW-20011/home/10064318,BRIGHT MLS,DCDC2134792,N,Y,38.9451105,-77.0169759
PAST SALE,March-15-2024,Townhouse,700 Faraday Pl NE,Washington,DC,20017,420000,2,1.0,Brookland,816,1655,1949,,515,,Sold,,,https://www.redfin.com/DC/Washington/700-Faraday-Pl-NE-20017/home/10083457,BRIGHT MLS,DCDC2124638,N,Y,38.9508661,-76.9965496
PAST SALE,May-9-2024,Townhouse,826 Otis Pl NW,Washington,DC,20010,870000,4,2.5,Columbia Heights,1716,1254,1910,,507,,Sold,,,https://www.redfin.com/DC/Washington/826-Otis-Pl-NW-20010/home/10033373,BRIGHT MLS,DCDC2130080,N,Y,38.9339295,-77.0251815
PAST SALE,March-29-2024,Condo/Co-op,4001 7th St NE #6,Washington,DC,20017,460000,2,1.5,Brookland,753,,1939,,611,180,Sold,,,https://www.redfin.com/DC/Washington/4001-7th-St-NE-20017/unit-6/home/188124222,BRIGHT MLS,DCDC2129656,N,Y,38.9395163,-76.9951041
PAST SALE,April-10-2024,Single Family Residential,421 Quackenbos St NW,Washington,DC,20011,815000,3,3.0,Brightwood,1740,5307,1937,,468,,Sold,,,https://www.redfin.com/DC/Washington/421-Quackenbos-St-NW-20011/home/10062188,BRIGHT MLS,DCDC2128570,N,Y,38.9639935,-77.0190903
PAST SALE,April-3-2024,Condo/Co-op,235 Emerson St NW #203,Washington,DC,20011,192000,1,1.0,Petworth,746,,1929,,257,976,Sold,,,https://www.redfin.com/DC/Washington/235-Emerson-St-NW-20011/unit-203/home/173808094,BRIGHT MLS,DCDC2117402,N,Y,38.9502737,-77.0152888
PAST SALE,,Townhouse,702 Otis Pl NW #1,Washington,DC,20010,685000,3,1.0,,1360,2009,1919,,504,,,,,https://www.redfin.com/DC/Washington/702-Otis-Pl-NW-20010/unit-1/home/10042513,,,N,Y,38.9344901,-77.0223347
PAST SALE,April-1-2024,Condo/Co-op,4001 7th St NE #4,Washington,DC,20017,425000,2,1.5,Brookland,775,,1939,,548,180,Sold,,,https://www.redfin.com/DC/Washington/4001-7th-St-NE-20017/unit-4/home/188587904,BRIGHT MLS,DCDC2129660,N,Y,38.9395163,-76.9951041
PAST SALE,March-8-2024,Condo/Co-op,2939 Van Ness St NW #747,Washington,DC,20008,550000,2,2.0,Forest Hills,1225,,1964,,449,1457,Sold,,,https://www.redfin.com/DC/Washington/2939-Van-Ness-St-NW-20008/unit-747/home/9983405,BRIGHT MLS,DCDC2125586,N,Y,38.9444021,-77.0601378
PAST SALE,May-20-2024,Condo/Co-op,86 Webster St NE #102,Washington,DC,20011,157000,1,1.0,Brookland,364,,1942,,431,283,Sold,,,https://www.redfin.com/DC/Washington/86-Webster-St-NE-20011/unit-102/home/12530323,BRIGHT MLS,DCDC2137548,N,Y,38.9447802,-77.0062233
PAST SALE,April-26-2024,Townhouse,1326 Ingraham St NW,Washington,DC,20011,995000,4,3.0,16th Street Heights,2508,5733,1926,,397,,Sold,,,https://www.redfin.com/DC/Washington/1326-Ingraham-St-NW-20011/home/10024729,BRIGHT MLS,DCDC2132076,N,Y,38.953938,-77.0307541
PAST SALE,April-10-2024,Townhouse,5125 Chillum Pl NE,Washington,DC,20011,758000,4,3.5,Riggs Park,1890,3462,1956,,401,,Sold,,,https://www.redfin.com/DC/Washington/5125-Chillum-Pl-NE-20011/home/10081968,BRIGHT MLS,DCDC2123438,N,Y,38.9558054,-76.9912912
PAST SALE,April-9-2024,Condo/Co-op,646 Newton Pl NW #301,Washington,DC,20010,775000,2,2.0,Columbia Heights,1120,,1972,,692,434,Sold,,,https://www.redfin.com/DC/Washington/646-Newton-Pl-NW-20010/unit-301/home/174371995,BRIGHT MLS,DCDC2124980,N,Y,38.9337432,-77.0232292
PAST SALE,April-8-2024,Condo/Co-op,15 Grant Cir NW #3,Washington,DC,20011,1040000,3,3.5,Petworth,2216,,1919,,469,331,Sold,,,https://www.redfin.com/DC/Washington/15-Grant-Cir-NW-20011/unit-3/home/107499875,BRIGHT MLS,DCDC2124094,N,Y,38.9435322,-77.0184179
PAST SALE,June-3-2024,Townhouse,4818 Kansas Ave NW,Washington,DC,20011,1140000,4,3.5,Petworth,2087,1782,1925,,546,,Sold,,,https://www.redfin.com/DC/Washington/4818-Kansas-Ave-NW-20011/home/10057755,BRIGHT MLS,DCDC2136004,N,Y,38.9488713,-77.0207731
PAST SALE,April-3-2024,Townhouse,5604 Kansas Ave NW,Washington,DC,20011,660000,5,3.0,Chillum,1152,1862,1931,,573,,Sold,,,https://www.redfin.com/DC/Washington/5604-Kansas-Ave-NW-20011/home/10066639,BRIGHT MLS,DCDC2130460,N,Y,38.9579459,-77.0143501
PAST SALE,March-15-2024,Condo/Co-op,330 Delafield Pl NW #3,Washington,DC,20011,183675,2,1.0,Petworth,538,,1935,,341,475,Sold,,,https://www.redfin.com/DC/Washington/330-Delafield-Pl-NW-20011/unit-3/home/23064907,BRIGHT MLS,DCDC2123580,N,Y,38.9490934,-77.0170699
PAST SALE,June-3-2024,Condo/Co-op,3601 Connecticut Ave NW #512,Washington,DC,20008,490000,1,1.0,CLEVELAND PARK,950,,1928,,516,895,Sold,,,https://www.redfin.com/DC/Washington/3601-Connecticut-Ave-NW-20008/unit-512/home/28624922,BRIGHT MLS,DCDC2123870,N,Y,38.9379083,-77.0586498
PAST SALE,May-6-2024,Townhouse,618 Quebec Pl NW #2,Washington,DC,20010,840000,3,3.0,PARK VIEW,2074,,2023,,405,266,Sold,,,https://www.redfin.com/DC/Washington/618-Quebec-Pl-NW-20010/unit-2/home/185285105,BRIGHT MLS,DCDC2131758,N,Y,38.9363564,-77.0198436
PAST SALE,April-8-2024,Townhouse,1383 Rittenhouse St NW,Washington,DC,20011,900000,4,3.5,Brightwood,2360,1840,1932,,381,,Sold,,,https://www.redfin.com/DC/Washington/1383-Rittenhouse-St-NW-20011/home/10023454,BRIGHT MLS,DCDC2131120,N,Y,38.9656417,-77.0325753
PAST SALE,May-10-2024,Townhouse,5314 Chillum Pl NE,Washington,DC,20011,580000,3,2.0,Riggs Park,1504,2910,1954,,386,,Sold,,,https://www.redfin.com/DC/Washington/5314-Chillum-Pl-NE-20011/home/10082653,BRIGHT MLS,DCDC2100552,N,Y,38.9552701,-76.9949511
PAST SALE,March-15-2024,Townhouse,5010 North Capitol St NW,Washington,DC,20011,460000,3,2.0,Petworth,1728,1620,1940,,266,,Sold,,,https://www.redfin.com/DC/Washington/5010-N-Capitol-St-NW-20011/home/10070177,BRIGHT MLS,DCDC2126348,N,Y,38.9517055,-77.0092115
PAST SALE,April-26-2024,Condo/Co-op,4001 7th St NE #3,Washington,DC,20017,414405,2,1.5,Brookland,775,,1939,,535,180,Sold,,,https://www.redfin.com/DC/Washington/4001-7th-St-NE-20017/unit-3/home/189958954,BRIGHT MLS,DCDC2124600,N,Y,38.9395163,-76.9951041
PAST SALE,March-14-2024,Townhouse,5217 Kansas Ave NW,Washington,DC,20011,795000,3,3.5,Petworth,2155,1833,1930,,369,,Sold,,,https://www.redfin.com/DC/Washington/5217-Kansas-Ave-NW-20011/home/10063470,BRIGHT MLS,DCDC2125230,N,Y,38.9537403,-77.0167847
PAST SALE,May-31-2024,Single Family Residential,3110 Oliver St NW,Washington,DC,20015,1190000,3,2.0,Chevy Chase,2025,3280,1932,,588,,Sold,,,https://www.redfin.com/DC/Washington/3110-Oliver-St-NW-20015/home/9993716,BRIGHT MLS,DCDC2129766,N,Y,38.9665765,-77.0620004
PAST SALE,May-3-2024,Condo/Co-op,4444 Connecticut Ave NW #201,Washington,DC,20008,525000,2,1.0,North Cleveland Park,875,,1982,,600,421,Sold,,,https://www.redfin.com/DC/Washington/4444-Connecticut-Ave-NW-20008/unit-201/home/9975775,BRIGHT MLS,DCDC2132646,N,Y,38.9477647,-77.065961
PAST SALE,May-29-2024,Single Family Residential,2959 Northampton St NW,Washington,DC,20015,3500000,7,6.5,Chevy Chase,6350,8886,1939,,551,,Sold,,,https://www.redfin.com/DC/Washington/2959-Northampton-St-NW-20015/home/190628933,BRIGHT MLS,DCDC2139262,N,Y,38.9659596,-77.0614849
PAST SALE,April-19-2024,Condo/Co-op,3420 16th St NW #206,Washington,DC,20010,410000,1,1.0,Mount Pleasant,835,,1918,,491,580,Sold,,,https://www.redfin.com/DC/Washington/3420-16th-St-NW-20010/unit-206/home/10011025,BRIGHT MLS,DCDC2132810,N,Y,38.933747,-77.036903
PAST SALE,May-23-2024,Condo/Co-op,824 Taylor St NE #2,Washington,DC,20017,384900,2,2.0,Brookland,931,,2023,,413,162,Sold,,,https://www.redfin.com/DC/Washington/824-Taylor-St-NE-20017/unit-2/home/189487155,BRIGHT MLS,DCDC2136328,N,Y,38.9409562,-76.9936707
PAST SALE,March-14-2024,Townhouse,64 Allison St NE,Washington,DC,20011,435000,3,3.5,Brookland,1584,1926,1940,,275,,Sold,,,https://www.redfin.com/DC/Washington/64-Allison-St-NE-20011/home/10077448,BRIGHT MLS,DCDC2123366,N,Y,38.9467926,-77.0069254
PAST SALE,May-13-2024,Townhouse,1316 Shepherd St NW,Washington,DC,20011,875000,4,2.0,Columbia Heights,1948,2550,1923,,449,,Sold,,,https://www.redfin.com/DC/Washington/1316-Shepherd-St-NW-20011/home/10025828,BRIGHT MLS,DCDC2135134,N,Y,38.9395839,-77.0305079
PAST SALE,,Single Family Residential,507 Quackenbos St NW,Washington,DC,20011,665000,3,3.0,,1666,2920,1933,,399,,,,,https://www.redfin.com/DC/Washington/507-Quackenbos-St-NW-20011/home/10055629,,,N,Y,38.9639193,-77.0204448
PAST SALE,March-15-2024,Townhouse,635 Hamilton St NW,Washington,DC,20011,606000,2,1.5,Petworth,1284,2584,1927,,472,,Sold,,,https://www.redfin.com/DC/Washington/635-Hamilton-St-NW-20011/home/10057131,BRIGHT MLS,DCDC2124368,N,Y,38.9533076,-77.0213059
PAST SALE,April-5-2024,Condo/Co-op,2755 Ordway St NW #204,Washington,DC,20008,209000,0,1.0,Forest Hills,439,,1965,,476,473,Sold,,,https://www.redfin.com/DC/Washington/2755-Ordway-St-NW-20008/unit-204/home/9990410,BRIGHT MLS,DCDC2130722,N,Y,38.9355933,-77.0575032
PAST SALE,April-2-2024,Single Family Residential,200 Rittenhouse St NW,Washington,DC,20011,1335000,4,4.5,Chillum,3436,5226,1920,,389,,Sold,,,https://www.redfin.com/DC/Washington/200-Rittenhouse-St-NW-20011/home/10066957,BRIGHT MLS,DCDC2126546,N,Y,38.9648125,-77.0138794
PAST SALE,March-14-2024,Condo/Co-op,3000 Tilden St NW Unit 104I,Washington,DC,20008,325000,1,1.0,North Cleveland Park,800,,1929,,406,759,Sold,,,https://www.redfin.com/DC/Washington/3000-Tilden-St-NW-20008/unit-104I/home/143581205,BRIGHT MLS,DCDC2125842,N,Y,38.9406501,-77.0619521
PAST SALE,,Townhouse,4212 7th St NW,Washington,DC,20011,708500,4,1.0,,1326,1875,1916,,534,,,,,https://www.redfin.com/DC/Washington/4212-7th-St-NW-20011/home/10051177,,,N,Y,38.9424937,-77.0219583
PAST SALE,May-13-2024,Condo/Co-op,4111 Connecticut Ave NW Unit B003,Washington,DC,20008,384000,1,1.0,Forest Hills,739,,2023,,520,436,Sold,,,https://www.redfin.com/DC/Washington/4111-Connecticut-Ave-NW-20008/unit-B003/home/185347053,BRIGHT MLS,DCDC2134298,N,Y,38.9426566,-77.0622595
PAST SALE,May-7-2024,Townhouse,247 Rock Creek Church Rd NW,Washington,DC,20011,975000,4,3.5,Petworth,2180,1156,1919,,447,,Sold,,,https://www.redfin.com/DC/Washington/247-Rock-Creek-Church-Rd-NW-20011/home/10065034,BRIGHT MLS,DCDC2132430,N,Y,38.9406536,-77.0149495
PAST SALE,March-26-2024,Condo/Co-op,4001 7th St NE #2,Washington,DC,20017,400000,2,2.0,Brookland,879,,1939,,455,180,Sold,,,https://www.redfin.com/DC/Washington/4001-7th-St-NE-20017/unit-2/home/188587711,BRIGHT MLS,DCDC2129662,N,Y,38.9395163,-76.9951041
PAST SALE,March-15-2024,Single Family Residential,707 Faraday Pl NE,Washington,DC,20017,280000,2,1.0,Brookland,816,1655,1948,,343,,Sold,,,https://www.redfin.com/DC/Washington/707-Faraday-Pl-NE-20017/home/10083758,BRIGHT MLS,DCDC2118744,N,Y,38.950525,-76.9963696
PAST SALE,May-15-2024,Townhouse,623 Longfellow St NW,Washington,DC,20011,651000,4,4.5,Petworth,2745,1400,1923,,237,,Sold,,,https://www.redfin.com/DC/Washington/623-Longfellow-St-NW-20011/home/10056451,BRIGHT MLS,DCDC2095096,N,Y,38.9576622,-77.0216819
PAST SALE,May-17-2024,Single Family Residential,1421 Spring Rd NW #302,Washington,DC,20010,625000,3,2.0,COLUMBIA HEIGHTS,1067,,2023,,586,209,Sold,,,https://www.redfin.com/DC/Washington/1421-Spring-Rd-NW-20010/unit-302/home/190112808,BRIGHT MLS,DCDC2132160,N,Y,38.9375847,-77.033873
PAST SALE,March-22-2024,Townhouse,238 Jefferson St NW,Washington,DC,20011,699000,3,2.0,Petworth,1673,2556,1936,,418,,Sold,,,https://www.redfin.com/DC/Washington/238-Jefferson-St-NW-20011/home/10066102,BRIGHT MLS,DCDC2127678,N,Y,38.9553205,-77.0150889
PAST SALE,May-2-2024,Condo/Co-op,4710 New Hampshire Ave NW #2,Washington,DC,20011,435000,2,2.0,Petworth,884,,1936,,492,235,Sold,,,https://www.redfin.com/DC/Washington/4710-New-Hampshire-Ave-NW-20011/unit-2/home/113723642,BRIGHT MLS,DCDC2132882,N,Y,38.9478973,-77.0160194
PAST SALE,May-6-2024,Townhouse,643 Farragut St NW,Washington,DC,20011,602000,3,3.0,Petworth,1187,2553,1927,,507,,Sold,,,https://www.redfin.com/DC/Washington/643-Farragut-St-NW-20011/home/10057458,BRIGHT MLS,DCDC2122216,N,Y,38.9511681,-77.0215005
PAST SALE,March-20-2024,Single Family Residential,1362 Parkwood Pl NW,Washington,DC,20010,675000,3,1.5,Columbia Heights,1760,1850,1911,,384,,Sold,,,https://www.redfin.com/DC/Washington/1362-Parkwood-Pl-NW-20010/home/10026396,BRIGHT MLS,DCDC2124156,N,Y,38.9351508,-77.0318997
PAST SALE,May-17-2024,Townhouse,1220 Quincy St NW,Washington,DC,20011,1325000,5,3.5,Columbia Heights,2703,1854,1923,,490,,Sold,,,https://www.redfin.com/DC/Washington/1220-Quincy-St-NW-20011/home/10033908,BRIGHT MLS,DCDC2134190,N,Y,38.9374189,-77.028101
PAST SALE,May-20-2024,Single Family Residential,5479 30th St NW,Washington,DC,20015,1525000,4,3.5,Chevy Chase,2079,6080,1938,,734,,Sold,,,https://www.redfin.com/DC/Washington/5479-30th-St-NW-20015/home/9993283,BRIGHT MLS,DCDC2132172,N,Y,38.9633134,-77.0601678
PAST SALE,March-11-2024,Townhouse,4411 Iowa Ave NW,Washington,DC,20011,1150000,4,3.5,16th Street Heights,2704,2100,1917,,425,,Sold,,,https://www.redfin.com/DC/Washington/4411-Iowa-Ave-NW-20011/home/10034786,BRIGHT MLS,DCDC2124834,N,Y,38.9444611,-77.0274645
PAST SALE,April-26-2024,Condo/Co-op,1446 Tuckerman St NW #108,Washington,DC,20011,182000,1,1.0,Brightwood,,,1941,,,469,Sold,,,https://www.redfin.com/DC/Washington/1446-Tuckerman-St-NW-20011/unit-108/home/189824622,BRIGHT MLS,DCDC2129470,N,Y,38.9674259,-77.0351625
PAST SALE,March-15-2024,Townhouse,4605 15th St NW,Washington,DC,20011,1575000,5,4.5,16th Street Heights,3500,2038,1921,,450,,Sold,,,https://www.redfin.com/DC/Washington/4605-15th-St-NW-20011/home/10016891,BRIGHT MLS,DCDC2124098,N,Y,38.9465385,-77.0343691
PAST SALE,April-26-2024,Condo/Co-op,3618 Connecticut Ave NW #405,Washington,DC,20008,200000,1,1.0,Cleveland Park,778,,1923,,257,1023,Sold,,,https://www.redfin.com/DC/Washington/3618-Connecticut-Ave-NW-20008/unit-405/home/17958329,BRIGHT MLS,DCDC2129012,N,Y,38.9374959,-77.0601566
PAST SALE,March-28-2024,Condo/Co-op,824 Taylor St NE #7,Washington,DC,20017,566000,2,2.0,Brookland,1004,,2023,,564,192,Sold,,,https://www.redfin.com/DC/Washington/824-Taylor-St-NE-20017/unit-7/home/189487213,BRIGHT MLS,DCDC2125548,N,Y,38.9409562,-76.9936707
PAST SALE,March-11-2024,Townhouse,411 Decatur St NW,Washington,DC,20011,570000,3,1.5,Petworth,1400,1900,1925,,407,,Sold,,,https://www.redfin.com/DC/Washington/411-Decatur-St-NW-20011/home/10060696,BRIGHT MLS,DCDC2118946,N,Y,38.9487003,-77.0180905
PAST SALE,April-23-2024,Single Family Residential,600 Oglethorpe St NW,Washington,DC,20011,972000,5,3.5,Brightwood,2594,5092,1930,,375,,Sold,,,https://www.redfin.com/DC/Washington/600-Oglethorpe-St-NW-20011/home/10056279,BRIGHT MLS,DCDC2129628,N,Y,38.9611249,-77.0213846
PAST SALE,May-16-2024,Townhouse,4141 New Hampshire Ave NW,Washington,DC,20011,789900,3,2.5,Petworth,1782,1838,1912,,443,,Sold,,,https://www.redfin.com/DC/Washington/4141-New-Hampshire-Ave-NW-20011/home/10058625,BRIGHT MLS,DCDC2129356,N,Y,38.94182,-77.0198607
PAST SALE,May-28-2024,Single Family Residential,259 Quackenbos St NW,Washington,DC,20011,530000,3,1.0,Chillum,1700,8400,1940,,312,,Sold,,,https://www.redfin.com/DC/Washington/259-Quackenbos-St-NW-20011/home/10179926,BRIGHT MLS,DCDC2136322,N,Y,38.9639191,-77.0159411
PAST SALE,May-1-2024,Condo/Co-op,3816 4th St NW #1,Washington,DC,20011,830000,3,2.5,Petworth,1893,,1923,,438,297,Sold,,,https://www.redfin.com/DC/Washington/3816-4th-St-NW-20011/unit-1/home/170426273,BRIGHT MLS,DCDC2128270,N,Y,38.9387526,-77.0172434
PAST SALE,May-3-2024,Single Family Residential,2757 Brandywine St NW,Washington,DC,20008,1900000,4,4.5,Forest Hills,3600,7816,1928,,528,,Sold,,,https://www.redfin.com/DC/Washington/2757-Brandywine-St-NW-20008/home/9991976,BRIGHT MLS,DCDC2126498,N,Y,38.9499825,-77.0555452
PAST SALE,March-15-2024,Condo/Co-op,3620 Connecticut Ave NW #8,Washington,DC,20008,270000,1,1.0,Cleveland Park,610,,1927,,443,507,Sold,,,https://www.redfin.com/DC/Washington/3620-Connecticut-Ave-NW-20008/unit-8/home/40454464,BRIGHT MLS,DCDC2123640,N,Y,38.9376685,-77.0600889
PAST SALE,March-22-2024,Condo/Co-op,3883 Connecticut Ave NW #702,Washington,DC,20008,445000,1,1.0,Forest Hills,750,,2002,,593,593,Sold,,,https://www.redfin.com/DC/Washington/3883-Connecticut-Ave-NW-20008/unit-702/home/10194640,BRIGHT MLS,DCDC2123714,N,Y,38.9401354,-77.0599093
PAST SALE,May-25-2024,Townhouse,827 Delafield Pl NW,Washington,DC,20011,800000,3,3.5,Petworth,1928,1620,1925,,415,,Sold,,,https://www.redfin.com/DC/Washington/827-Delafield-Pl-NW-20011/home/10040733,BRIGHT MLS,DCDC2131246,N,Y,38.9492319,-77.0248092
PAST SALE,,Condo/Co-op,2939 Van Ness St NW #1209,Washington,DC,20008,320000,1,1.0,,753,,1964,,425,,,,,https://www.redfin.com/DC/Washington/2939-Van-Ness-St-NW-20008/unit-1209/home/9983271,,,N,Y,38.9444021,-77.0601378
PAST SALE,May-9-2024,Single Family Residential,2905 Ellicott St NW,Washington,DC,20008,2300000,4,4.0,Forest Hills,3065,12258,1961,,750,,Sold,,,https://www.redfin.com/DC/Washington/2905-Ellicott-St-NW-20008/home/9992322,BRIGHT MLS,DCDC2131672,N,Y,38.9538879,-77.0591686
PAST SALE,April-25-2024,Townhouse,1419 Perry Pl NW,Washington,DC,20010,825000,3,2.0,Columbia Heights,1710,1965,1913,,482,,Sold,,,https://www.redfin.com/DC/Washington/1419-Perry-Pl-NW-20010/home/10015269,BRIGHT MLS,DCDC2131910,N,Y,38.9367159,-77.0337622
PAST SALE,March-13-2024,Single Family Residential,4406 35th St NW,Washington,DC,20008,1670000,5,4.0,North Cleveland Park,2775,3705,1951,,602,,Sold,,,https://www.redfin.com/DC/Washington/4406-35th-St-NW-20008/home/9975660,BRIGHT MLS,DCDC2124528,N,Y,38.9466315,-77.0675767
PAST SALE,March-8-2024,Condo/Co-op,310 Delafield Pl NW #3,Washington,DC,20011,388000,2,2.0,Petworth,736,,2022,,527,203,Sold,,,https://www.redfin.com/DC/Washington/310-Delafield-Pl-NW-20011/unit-3/home/182163642,BRIGHT MLS,DCDC2121068,N,Y,38.9491002,-77.0163777
PAST SALE,May-9-2024,Condo/Co-op,3016 Tilden St NW #304,Washington,DC,20008,690000,2,1.5,North Cleveland Park,1250,,1928,,552,1250,Sold,,,https://www.redfin.com/DC/Washington/3016-Tilden-St-NW-20008/unit-304/home/12110601,BRIGHT MLS,DCDC2130466,N,Y,38.9405787,-77.0624277
PAST SALE,April-23-2024,Condo/Co-op,3016 Tilden St NW #101,Washington,DC,20008,699000,2,2.0,North Cleveland Park,1392,,1928,,502,978,Sold,,,https://www.redfin.com/DC/Washington/3016-Tilden-St-NW-20008/unit-101/home/45490587,BRIGHT MLS,DCDC2124290,N,Y,38.9405787,-77.0624277
PAST SALE,June-4-2024,Townhouse,518 Newton Pl NW,Washington,DC,20010,995000,0,1.0,Columbia Heights,0,1,2024,,,,Sold,,,https://www.redfin.com/DC/Washington/518-Newton-Pl-NW-20010/home/10043216,BRIGHT MLS,DCDC2136560,N,Y,38.9337162,-77.0215646
PAST SALE,May-28-2024,Townhouse,401 Madison St NE,Washington,DC,20011,570000,3,2.5,Riggs Park,1496,2654,1950,,381,,Sold,,,https://www.redfin.com/DC/Washington/401-Madison-St-NE-20011/home/10081040,BRIGHT MLS,DCDC2127898,N,Y,38.9592873,-77.0004282
PAST SALE,March-8-2024,Townhouse,3616 Park Pl NW,Washington,DC,20010,830000,4,2.5,Columbia Heights,1952,1827,1922,,425,,Sold,,,https://www.redfin.com/DC/Washington/3616-Park-Pl-NW-20010/home/10042972,BRIGHT MLS,DCDC2123498,N,Y,38.9347547,-77.0193261
PAST SALE,March-12-2024,Single Family Residential,1341 Hamilton St NW,Washington,DC,20011,1100000,4,3.0,16th Street Heights,2246,5467,1936,,490,,Sold,,,https://www.redfin.com/DC/Washington/1341-Hamilton-St-NW-20011/home/10024790,BRIGHT MLS,DCDC2125368,N,Y,38.9531933,-77.0314161
PAST SALE,April-23-2024,Single Family Residential,4708 Blagden Ave NW,Washington,DC,20011,2087500,5,4.5,Crestwood,4200,5338,1929,,497,,Sold,,,https://www.redfin.com/DC/Washington/4708-Blagden-Ave-NW-20011/home/10012743,BRIGHT MLS,DCDC2126894,N,Y,38.9480577,-77.0398906
PAST SALE,April-10-2024,Townhouse,436 Delafield Pl NW,Washington,DC,20011,779000,4,3.5,Petworth,1630,1312,1925,,478,,Sold,,,https://www.redfin.com/DC/Washington/436-Delafield-Pl-NW-20011/home/10060507,BRIGHT MLS,DCDC2126380,N,Y,38.9490534,-77.0186295
PAST SALE,March-25-2024,Townhouse,318 Emerson St NW,Washington,DC,20011,785000,4,3.0,Petworth,1696,1620,1936,,463,,Sold,,,https://www.redfin.com/DC/Washington/318-Emerson-St-NW-20011/home/10063907,BRIGHT MLS,DCDC2125784,N,Y,38.9498283,-77.0165789
PAST SALE,May-10-2024,Condo/Co-op,3556 13th St NW #1,Washington,DC,20010,915000,4,3.5,COLUMBIA HEIGHTS,2020,,2023,,453,239,Sold,,,https://www.redfin.com/DC/Washington/3556-13th-St-NW-20010/unit-1/home/185791756,BRIGHT MLS,DCDC2130598,N,Y,38.9337799,-77.0299927
PAST SALE,March-29-2024,Condo/Co-op,804 Taylor St NW #306,Washington,DC,20011,350000,1,1.0,Petworth,621,,1957,,564,284,Sold,,,https://www.redfin.com/DC/Washington/804-Taylor-St-NW-20011/unit-306/home/39956301,BRIGHT MLS,DCDC2124508,N,Y,38.9405573,-77.0239036
PAST SALE,March-29-2024,Townhouse,831 Crittenden St NW,Washington,DC,20011,849000,4,3.5,Petworth,1440,2695,1922,,590,,Sold,,,https://www.redfin.com/DC/Washington/831-Crittenden-St-NW-20011/home/10041089,BRIGHT MLS,DCDC2126088,N,Y,38.9474269,-77.0247374
PAST SALE,March-22-2024,Townhouse,5329 Chillum Pl NE,Washington,DC,20011,670000,3,2.5,Riggs Park,1577,2794,1953,,425,,Sold,,,https://www.redfin.com/DC/Washington/5329-Chillum-Pl-NE-20011/home/10082055,BRIGHT MLS,DCDC2119918,N,Y,38.9556341,-76.9949756
PAST SALE,May-17-2024,Townhouse,4729 10th St NE,Washington,DC,20017,645000,4,2.0,Brookland,1752,3747,1942,,368,,Sold,,,https://www.redfin.com/DC/Washington/4729-10th-St-NE-20017/home/10088297,BRIGHT MLS,DCDC2129648,N,Y,38.9471463,-76.9922484
PAST SALE,May-30-2024,Parking,532 Taylor St NW Unit P-2,Washington,DC,20011,15000,0,,Petworth,95,,2020,,158,28,Sold,,,https://www.redfin.com/DC/Washington/532-Taylor-St-NW-20011/unit-P2/home/177101113,BRIGHT MLS,DCDC2133492,N,Y,38.9407185,-77.020345
PAST SALE,May-2-2024,Condo/Co-op,4600 Connecticut Ave NW #905,Washington,DC,20008,390000,2,2.0,Wakefield,1049,,1948,,372,1093,Sold,,,https://www.redfin.com/DC/Washington/4600-Connecticut-Ave-NW-20008/unit-905/home/9976700,BRIGHT MLS,DCDC2127568,N,Y,38.9502949,-77.0675324
PAST SALE,March-11-2024,Single Family Residential,3420 Newark St NW,Washington,DC,20016,3600000,6,4.5,Cleveland Park,4300,5782,1910,,837,,Sold,,,https://www.redfin.com/DC/Washington/3420-Newark-St-NW-20016/home/9985474,BRIGHT MLS,DCDC2120936,N,Y,38.9344357,-77.0677341
PAST SALE,May-30-2024,Single Family Residential,1421 Spring Rd NW #203,Washington,DC,20010,375000,1,1.0,COLUMBIA HEIGHTS,561,,2023,,668,188,Sold,,,https://www.redfin.com/DC/Washington/1421-Spring-Rd-NW-20010/unit-203/home/187983184,BRIGHT MLS,DCDC2133378,N,Y,38.9375508,-77.0338902
PAST SALE,May-9-2024,Townhouse,505 Kennedy St NW #402,Washington,DC,20011,550000,3,2.5,PETWORTH,1198,,2023,,459,245,Sold,,,https://www.redfin.com/DC/Washington/505-Kennedy-St-NW-20011/unit-402/home/185400898,BRIGHT MLS,DCDC2121330,N,Y,38.9566342,-77.0202262
PAST SALE,May-31-2024,Single Family Residential,1358 Ingraham St NW,Washington,DC,20011,1299950,5,4.5,16th Street Heights,3020,4000,1921,,430,,Sold,,,https://www.redfin.com/DC/Washington/1358-Ingraham-St-NW-20011/home/10024804,BRIGHT MLS,DCDC2127162,N,Y,38.9539065,-77.0331179
PAST SALE,,Townhouse,4132 7th St NW,Washington,DC,20011,1000000,4,3.0,,1716,1765,1908,,583,,,,,https://www.redfin.com/DC/Washington/4132-7th-St-NW-20011/home/10050984,,,N,Y,38.9415838,-77.0218907
PAST SALE,April-3-2024,Condo/Co-op,3041 Sedgwick St NW Unit 203D,Washington,DC,20008,570000,2,1.0,CLEVELAND PARK,1130,,1928,,504,1089,Sold,,,https://www.redfin.com/DC/Washington/3041-Sedgwick-St-NW-20008/unit-203-D/home/25671867,BRIGHT MLS,DCDC2126376,N,Y,38.9401176,-77.0626075
PAST SALE,April-18-2024,Single Family Residential,231 Quackenbos St NE,Washington,DC,20011,1060000,5,4.0,Riggs Park,2900,7876,1941,,366,,Sold,,,https://www.redfin.com/DC/Washington/231-Quackenbos-St-NE-20011/home/10078694,BRIGHT MLS,DCDC2125738,N,Y,38.9635309,-77.0036137
PAST SALE,May-31-2024,Townhouse,5710 Eastern Ave NE,Washington,DC,20011,406000,3,1.5,Riggs Park,1408,2346,1953,,288,,Sold,,,https://www.redfin.com/DC/Washington/5710-Eastern-Ave-NE-20011/home/10081500,BRIGHT MLS,DCDC2122512,N,Y,38.9583958,-76.993413
PAST SALE,May-15-2024,Single Family Residential,1501 Farragut St NW,Washington,DC,20011,1900000,6,4.5,16th Street Heights,5215,10615,1910,,364,,Sold,,,https://www.redfin.com/DC/Washington/1501-Farragut-St-NW-20011/home/10017436,BRIGHT MLS,DCDC2124608,N,Y,38.9510089,-77.035056
PAST SALE,March-8-2024,Single Family Residential,1263 Van Buren St NW,Washington,DC,20012,655000,4,2.0,Brightwood,1804,3600,1940,,363,,Sold,,,https://www.redfin.com/DC/Washington/1263-Van-Buren-St-NW-20012/home/10036395,BRIGHT MLS,DCDC2120288,N,Y,38.97015,-77.029257
PAST SALE,April-24-2024,Condo/Co-op,1029 Perry St NE #302,Washington,DC,20017,247905,1,1.0,Brookland,551,,1939,,450,290,Sold,,,https://www.redfin.com/DC/Washington/1029-Perry-St-NE-20017/unit-302/home/40511291,BRIGHT MLS,DCDC2111784,N,Y,38.9359248,-76.9918415
PAST SALE,May-29-2024,Condo/Co-op,5885 Colorado Ave NW #212,Washington,DC,20011,265000,2,2.0,16th Street Heights,996,,1900,,266,791,Sold,,,https://www.redfin.com/DC/Washington/5885-Colorado-Ave-NW-20011/unit-212/home/12530346,BRIGHT MLS,DCDC2128054,N,Y,38.9610274,-77.028548
PAST SALE,March-8-2024,Townhouse,1312 Gallatin St NW,Washington,DC,20011,1525000,5,4.5,16th Street Heights,3500,5226,1917,,436,,Sold,,,https://www.redfin.com/DC/Washington/1312-Gallatin-St-NW-20011/home/10024914,BRIGHT MLS,DCDC2120546,N,Y,38.9516738,-77.0307414
PAST SALE,April-12-2024,Condo/Co-op,4725 3rd Pl NW #1,Washington,DC,20011,365000,1,1.0,PETWORTH,683,,1936,,534,169,Sold,,,https://www.redfin.com/DC/Washington/4725-3rd-Pl-NW-20011/unit-1/home/189062222,BRIGHT MLS,DCDC2124728,N,Y,38.9482124,-77.0163905
PAST SALE,May-1-2024,Townhouse,3912 New Hampshire Ave NW,Washington,DC,20011,1425000,5,4.5,Petworth,3320,1860,1910,,429,,Sold,,,https://www.redfin.com/DC/Washington/3912-New-Hampshire-Ave-NW-20011/home/10050766,BRIGHT MLS,DCDC2126484,N,Y,38.9391365,-77.0225307
PAST SALE,March-15-2024,Townhouse,339 Riggs Park Pl NE Unit BARNETT LOT 79,Washington,DC,20011,650000,3,3.5,RIGGS PARK,1580,1226,2023,,411,135,Sold,,,https://www.redfin.com/DC/Washington/339-Riggs-Park-Pl-NE-20011/unit-BARNETT-LOT-79/home/188467132,BRIGHT MLS,DCDC2118464,N,Y,38.9576444,-77.0005363
PAST SALE,May-31-2024,Townhouse,459 Riggs Rd NE,Washington,DC,20011,375000,3,2.5,Riggs Park,1501,2456,1950,,250,,Sold,,,https://www.redfin.com/DC/Washington/459-Riggs-Rd-NE-20011/home/10080544,BRIGHT MLS,DCDC2133158,N,Y,38.9608639,-76.9987206
PAST SALE,,Single Family Residential,4425 1st St NE,Washington,DC,20011,750000,3,2.0,,1360,3393,1952,,551,,,,,https://www.redfin.com/DC/Washington/4425-1st-St-NE-20011/home/10077152,,,N,Y,38.9438489,-77.0056463
PAST SALE,May-17-2024,Condo/Co-op,222 Farragut St NW #203,Washington,DC,20011,60000,1,1.0,Petworth,700,,1945,,86,976,Sold,,,https://www.redfin.com/DC/Washington/222-Farragut-St-NW-20011/unit-203/home/28896915,BRIGHT MLS,DCDC2123214,N,Y,38.9509041,-77.0144788
PAST SALE,March-15-2024,Condo/Co-op,1380 Quincy St NW Unit 4-A,Washington,DC,20011,575000,2,2.0,Columbia Heights,902,,2015,,637,544,Sold,,,https://www.redfin.com/DC/Washington/1380-Quincy-St-NW-20011/unit-4A/home/105276617,BRIGHT MLS,DCDC2121004,N,Y,38.9374954,-77.0323873
PAST SALE,March-8-2024,Condo/Co-op,4025 Connecticut Ave NW #403,Washington,DC,20008,449900,1,1.0,Forest Hills,760,,1999,,592,447,Sold,,,https://www.redfin.com/DC/Washington/4025-Connecticut-Ave-NW-20008/unit-403/home/10178832,BRIGHT MLS,DCDC2108978,N,Y,38.9416108,-77.0616182
PAST SALE,May-1-2024,Condo/Co-op,3701 Connecticut Ave NW #340,Washington,DC,20008,399900,2,1.0,Forest Hills,894,,1951,,447,880,Sold,,,https://www.redfin.com/DC/Washington/3701-Connecticut-Ave-NW-20008/unit-340/home/9990979,BRIGHT MLS,DCDC2124948,N,Y,38.9383394,-77.0593591
PAST SALE,March-7-2024,Condo/Co-op,310 Delafield Pl NW #1,Washington,DC,20011,379000,2,2.0,PETWORTH,736,,2022,,515,203,Sold,,,https://www.redfin.com/DC/Washington/310-Delafield-Pl-NW-20011/unit-1/home/184907580,BRIGHT MLS,DCDC2123544,N,Y,38.9491002,-77.0163777
PAST SALE,April-5-2024,Townhouse,3553 Holmead Pl NW,Washington,DC,20010,845000,9,3.0,Columbia Heights,2789,2581,1910,,303,,Sold,,,https://www.redfin.com/DC/Washington/3553-Holmead-Pl-NW-20010/home/10026585,BRIGHT MLS,DCDC2122266,N,Y,38.9359668,-77.0305359
PAST SALE,April-11-2024,Townhouse,745 Gallatin St NE,Washington,DC,20017,625000,4,2.5,Riggs Park,1479,2041,1949,,423,,Sold,,,https://www.redfin.com/DC/Washington/745-Gallatin-St-NE-20017/home/10083906,BRIGHT MLS,DCDC2122656,N,Y,38.9520395,-76.9947306
PAST SALE,May-29-2024,Single Family Residential,6214 8th St NW,Washington,DC,20011,920000,4,4.5,Brightwood,2400,4400,1923,,383,,Sold,,,https://www.redfin.com/DC/Washington/6214-8th-St-NW-20011/home/10038690,BRIGHT MLS,DCDC2129650,N,Y,38.9658446,-77.0244886
PAST SALE,April-26-2024,Townhouse,814 Berkshire Dr,Hyattsville,MD,20783,390000,3,2.0,HAMPSHIRE HEIGHTS,1050,4534,1953,,371,,Sold,,,https://www.redfin.com/MD/Hyattsville/814-Berkshire-Dr-20783/home/10987653,BRIGHT MLS,MDPG2095724,N,Y,38.9637497,-76.9978198
PAST SALE,May-14-2024,Townhouse,804 Kennedy St NW,Washington,DC,20011,650000,4,3.0,Petworth,2451,1980,1912,,265,,Sold,,,https://www.redfin.com/DC/Washington/804-Kennedy-St-NW-20011/home/188214182,BRIGHT MLS,DCDC2116806,N,Y,38.9561246,-77.0243902
PAST SALE,April-9-2024,Condo/Co-op,2727 Ordway St NW #2,Washington,DC,20008,712000,3,2.0,Forest Hills,1530,,1944,,465,889,Sold,,,https://www.redfin.com/DC/Washington/2727-Ordway-St-NW-20008/unit-2/home/9990301,BRIGHT MLS,DCDC2129966,N,Y,38.9349554,-77.0561091
PAST SALE,April-11-2024,Condo/Co-op,3934 14th St NW #303,Washington,DC,20011,419900,1,1.0,COLUMBIA HEIGHTS,579,,2023,,725,207,Sold,,,https://www.redfin.com/DC/Washington/3934-14th-St-NW-20011/unit-303/home/188755936,BRIGHT MLS,DCDC2123936,N,Y,38.9396091,-77.0330243
PAST SALE,May-20-2024,Condo/Co-op,700 Jefferson St NW #105,Washington,DC,20011,210000,1,1.0,Petworth,452,,1952,,465,288,Sold,,,https://www.redfin.com/DC/Washington/700-Jefferson-St-NW-20011/unit-105/home/11745312,BRIGHT MLS,DCDC2126290,N,Y,38.9550034,-77.0224557
PAST SALE,April-17-2024,Single Family Residential,1011 Taylor St NE,Washington,DC,20017,985000,4,3.5,Brookland,2294,5265,1922,,429,,Sold,,,https://www.redfin.com/DC/Washington/1011-Taylor-St-NE-20017/home/10087938,BRIGHT MLS,DCDC2121636,N,Y,38.9405722,-76.99097
PAST SALE,April-23-2024,Townhouse,119 Hamilton St NW,Washington,DC,20011,1050000,4,3.5,Petworth,2397,2886,1937,,438,,Sold,,,https://www.redfin.com/DC/Washington/119-Hamilton-St-NW-20011/home/10069503,BRIGHT MLS,DCDC2122248,N,Y,38.9535823,-77.0124259
PAST SALE,May-31-2024,Condo/Co-op,4829 4th St NW #2,Washington,DC,20011,255000,1,1.0,Petworth,600,,1936,,425,235,Sold,,,https://www.redfin.com/DC/Washington/4829-4th-St-NW-20011/unit-2/home/12530124,BRIGHT MLS,DCDC2126680,N,Y,38.9495568,-77.0172899
PAST SALE,April-26-2024,Condo/Co-op,1117 Allison St NW #1,Washington,DC,20011,530000,2,2.5,16th Street Heights,1167,,1915,,454,227,Sold,,,https://www.redfin.com/DC/Washington/1117-Allison-St-NW-20011/unit-1/home/109496971,BRIGHT MLS,DCDC2121884,N,Y,38.9453395,-77.0274074
PAST SALE,,Townhouse,5714 Eastern Ave NE,Washington,DC,20011,556870,3,2.5,,1024,2362,1953,,544,,,,,https://www.redfin.com/DC/Washington/5714-Eastern-Ave-NE-20011/home/10081494,,,N,Y,38.9584661,-76.993503
PAST SALE,March-20-2024,Condo/Co-op,3725 12th St NE #105,Washington,DC,20017,236000,1,1.0,Brookland,547,,1936,,431,373,Sold,,,https://www.redfin.com/DC/Washington/3725-12th-St-NE-20017/unit-105/home/10090343,BRIGHT MLS,DCDC2120126,N,Y,38.9354131,-76.9909048
PAST SALE,April-30-2024,Townhouse,524 Oglethorpe NE,Washington,DC,20011,620000,3,2.0,Riggs Park,1416,1999,1949,,438,,Sold,,,https://www.redfin.com/DC/Washington/524-Oglethorpe-St-NE-20011/home/10079885,BRIGHT MLS,DCDC2105628,N,Y,38.9614908,-76.9994182
PAST SALE,May-10-2024,Single Family Residential,3060 Ellicott St NW,Washington,DC,20008,7975000,6,7.5,Forest Hills,10550,17625,2020,,756,,Sold,,,https://www.redfin.com/DC/Washington/3060-Ellicott-St-NW-20008/home/9992212,BRIGHT MLS,DCDC2113416,N,Y,38.9529634,-77.0631049
PAST SALE,April-22-2024,Condo/Co-op,3701 Connecticut Ave NW #112,Washington,DC,20008,230500,1,1.0,Forest Hills,862,,1951,,267,874,Sold,,,https://www.redfin.com/DC/Washington/3701-Connecticut-Ave-NW-20008/unit-112/home/9990834,BRIGHT MLS,DCDC2121314,N,Y,38.9383394,-77.0593591
PAST SALE,May-31-2024,Townhouse,6618 Blair Rd NW,Washington,DC,20012,535000,3,2.0,Chillum,1278,1461,1950,,419,,Sold,,,https://www.redfin.com/DC/Washington/6618-Blair-Rd-NW-20012/home/10067275,BRIGHT MLS,DCDC2122572,N,Y,38.9703838,-77.0154125
PAST SALE,May-3-2024,Condo/Co-op,2755 Ordway St NW #301,Washington,DC,20008,210000,0,1.0,Forest Hills,320,,1965,,656,345,Sold,,,https://www.redfin.com/DC/Washington/2755-Ordway-St-NW-20008/unit-301/home/9990430,BRIGHT MLS,DCDC2124086,N,Y,38.9355933,-77.0575032
PAST SALE,May-24-2024,Townhouse,651 Hamilton St NW,Washington,DC,20011,540000,2,2.0,Petworth,1248,1622,1927,,433,,Sold,,,https://www.redfin.com/DC/Washington/651-Hamilton-St-NW-20011/home/10057153,BRIGHT MLS,DCDC2123670,N,Y,38.9532781,-77.0217557
PAST SALE,May-20-2024,Condo/Co-op,5204 3rd St NW #4,Washington,DC,20011,187000,1,1.0,Petworth,551,,1936,,339,250,Sold,,,https://www.redfin.com/DC/Washington/5204-3rd-St-NW-20011/unit-4/home/12530134,BRIGHT MLS,DCDC2124542,N,Y,38.9536631,-77.0161886
PAST SALE,March-20-2024,Townhouse,3647 New Hampshire Ave NW,Washington,DC,20010,710000,3,1.5,Columbia Heights,2232,,1922,,318,,Sold,,,https://www.redfin.com/DC/Washington/3647-New-Hampshire-Ave-NW-20010/home/175860168,BRIGHT MLS,DCDC2119736,N,Y,38.9352931,-77.0247923
PAST SALE,May-15-2024,Condo/Co-op,310 Delafield Pl NW #2,Washington,DC,20011,349000,2,2.0,PETWORTH,736,,2022,,474,203,Sold,,,https://www.redfin.com/DC/Washington/310-Delafield-Pl-NW-20011/unit-2/home/185349028,BRIGHT MLS,DCDC2123550,N,Y,38.9491002,-77.0163777
PAST SALE,April-29-2024,Condo/Co-op,2755 Ordway St NW #105,Washington,DC,20008,216000,0,1.0,Forest Hills,443,,1965,,488,477,Sold,,,https://www.redfin.com/DC/Washington/2755-Ordway-St-NW-20008/unit-105/home/9990385,BRIGHT MLS,DCDC2120124,N,Y,38.9355933,-77.0575032
PAST SALE,April-15-2024,Multi-Family (2-4 Unit),32 Varnum St NE,Washington,DC,20011,550000,,,Brookland,1406,1976,1947,,391,,Sold,,,https://www.redfin.com/DC/Washington/32-Varnum-St-NE-20011/unit-B/home/10076989,BRIGHT MLS,DCDC2122518,N,Y,38.9430504,-77.0069655
PAST SALE,March-15-2024,Townhouse,5415 Kansas Ave NW,Washington,DC,20011,815000,4,3.5,Petworth,1966,1800,1932,,415,,Sold,,,https://www.redfin.com/DC/Washington/5415-Kansas-Ave-NW-20011/home/10066205,BRIGHT MLS,DCDC2117850,N,Y,38.9560236,-77.0151651
PAST SALE,March-21-2024,Condo/Co-op,3041 Sedgwick St NW Unit 403D,Washington,DC,20008,575000,2,1.0,TILDEN GARDENS,1061,,1928,,542,936,Sold,,,https://www.redfin.com/DC/Washington/3041-Sedgwick-St-NW-20008/unit-403-D/home/28687217,BRIGHT MLS,DCDC2117898,N,Y,38.9401176,-77.0626075
PAST SALE,May-30-2024,Condo/Co-op,939 Longfellow St NW #209,Washington,DC,20011,235000,1,1.0,Petworth,640,,1940,,367,451,Sold,,,https://www.redfin.com/DC/Washington/939-Longfellow-St-NW-20011/unit-209/home/10345508,BRIGHT MLS,DCDC2124254,N,Y,38.9575666,-77.0272775
PAST SALE,April-4-2024,Condo/Co-op,30 Kennedy St NW #15,Washington,DC,20011,419900,1,1.0,Chillum,620,,2023,,677,219,Sold,,,https://www.redfin.com/DC/Washington/30-Kennedy-St-NW-20011/unit-15/home/188105278,BRIGHT MLS,DCDC2116250,N,Y,38.9564035,-77.0113173
PAST SALE,March-15-2024,Townhouse,4313 2nd St NW,Washington,DC,20011,1080000,3,3.5,Petworth,2463,2396,1923,,438,,Sold,,,https://www.redfin.com/DC/Washington/4313-2nd-St-NW-20011/home/10065464,BRIGHT MLS,DCDC2108488,N,Y,38.9437496,-77.0139583
PAST SALE,,Townhouse,705 Taylor St NW #2,Washington,DC,20011,799900,3,1.5,,1280,1764,1912,,625,,,,,https://www.redfin.com/DC/Washington/705-Taylor-St-NW-20011/unit-2/home/10051035,,,N,Y,38.9410862,-77.0218345
PAST SALE,April-18-2024,Condo/Co-op,2939 Van Ness St NW #820,Washington,DC,20008,294000,1,1.0,Forest Hills,790,,1964,,372,976,Sold,,,https://www.redfin.com/DC/Washington/2939-Van-Ness-St-NW-20008/unit-820/home/9982850,BRIGHT MLS,DCDC2113332,N,Y,38.9444021,-77.0601378
PAST SALE,March-15-2024,Condo/Co-op,3600 Connecticut Ave NW #405,Washington,DC,20008,150000,0,1.0,Cleveland Park,378,,1928,,397,417,Sold,,,https://www.redfin.com/DC/Washington/3600-Connecticut-Ave-NW-20008/unit-405/home/187381450,BRIGHT MLS,DCDC2110476,N,Y,38.9370668,-77.0597294
PAST SALE,May-21-2024,Townhouse,4400 New Hampshire Ave NW,Washington,DC,20011,725000,4,1.5,Petworth,2458,2507,1924,,295,,Sold,,,https://www.redfin.com/DC/Washington/4400-New-Hampshire-Ave-NW-20011/home/10060148,BRIGHT MLS,DCDC2112746,N,Y,38.9444328,-77.0186036
PAST SALE,April-17-2024,Condo/Co-op,3619 Georgia Ave NW #43,Washington,DC,20010,450000,2,1.0,PARK VIEW,641,,2021,,702,230,Sold,,,https://www.redfin.com/DC/Washington/3619-Georgia-Ave-NW-20010/unit-43/home/187664705,BRIGHT MLS,DCDC2113310,N,Y,38.9351,-77.0238498
PAST SALE,April-12-2024,Townhouse,2928 Upton St NW,Washington,DC,20008,1400000,7,3.5,Forest Hills,3750,3488,1915,,373,,Sold,,,https://www.redfin.com/DC/Washington/2928-Upton-St-NW-20008/home/9991315,BRIGHT MLS,DCDC2103794,N,Y,38.9418241,-77.0601503
PAST SALE,June-3-2024,Multi-Family (2-4 Unit),3918 10th St NE,Washington,DC,20017,955000,,,Brookland,2800,2975,1937,,341,,Sold,,,https://www.redfin.com/DC/Washington/3918-10th-St-NE-20017/home/10086240,BRIGHT MLS,DCDC2111120,N,Y,38.938541,-76.9935799
PAST SALE,March-28-2024,Townhouse,3657 13th St NW,Washington,DC,20010,1050000,5,3.5,Columbia Heights,2452,1632,1909,,428,,Sold,,,https://www.redfin.com/DC/Washington/3657-13th-St-NW-20010/home/10026810,BRIGHT MLS,DCDC2104232,N,Y,38.9358918,-77.0294513
PAST SALE,March-13-2024,Townhouse,825 Kennedy St NE,Washington,DC,20011,655250,4,2.5,Riggs Park,1500,4220,1959,,437,,Sold,,,https://www.redfin.com/DC/Washington/825-Kennedy-St-NE-20011/home/10081944,BRIGHT MLS,DCDC2079078,N,Y,38.9570781,-76.99271
PAST SALE,May-22-2024,Condo/Co-op,129 Varnum St NW #1,Washington,DC,20011,660000,4,3.0,Petworth,1476,,2018,,447,479,Sold,,,https://www.redfin.com/DC/Washington/129-Varnum-St-NW-20011/unit-1/home/144676524,BRIGHT MLS,DCDC2105390,N,Y,38.9436671,-77.0134218
PAST SALE,April-15-2024,Townhouse,4725 4th St NW,Washington,DC,20011,765000,6,4.0,Petworth,1517,1545,1927,,504,,Sold,,,https://www.redfin.com/DC/Washington/4725-4th-St-NW-20011/home/10064046,BRIGHT MLS,DCDC2095100,N,Y,38.948198,-77.0171731
PAST SALE,April-24-2024,Single Family Residential,6622 Eastern Ave NW,Washington,DC,20012,850000,4,3.0,Takoma,2853,4868,1931,,298,,Sold,,,https://www.redfin.com/DC/Washington/6622-Eastern-Ave-NW-20012/home/10172466,BRIGHT MLS,DCDC2105756,N,Y,38.9706895,-77.0091477
PAST SALE,,Single Family Residential,5709 3rd St NE,Washington,DC,20011,505000,2,1.5,,864,2628,1951,,584,,,,,https://www.redfin.com/DC/Washington/5709-3rd-St-NE-20011/home/10078457,,,N,Y,38.9596806,-77.0025339
PAST SALE,March-29-2024,Townhouse,4362 Varnum Pl NE,Washington,DC,20017,427500,4,2.5,Brookland,2062,3060,1981,,207,,Sold,,,https://www.redfin.com/DC/Washington/4362-Varnum-Pl-NE-20017/home/10085432,BRIGHT MLS,DCDC2085102,N,Y,38.9419064,-76.9956682
PAST SALE,March-15-2024,Parking,4306 Arkansas Ave NW Unit P-7,Washington,DC,20011,9000,0,,16th Street Heights,130,,1923,,69,60,Sold,,,https://www.redfin.com/DC/Washington/4306-Arkansas-Ave-NW-20011/unit-P-7/home/183174625,BRIGHT MLS,DCDC2075930,N,Y,38.9432174,-77.033103
PAST SALE,April-8-2024,Parking,4306 Arkansas Ave NW Unit P-14,Washington,DC,20011,10000,0,,16th Street Heights,130,,1923,,77,60,Sold,,,https://www.redfin.com/DC/Washington/4306-Arkansas-Ave-NW-20011/unit-P-14/home/183174627,BRIGHT MLS,DCDC2075932,N,Y,38.9432174,-77.033103
PAST SALE,March-22-2024,Parking,4306 Arkansas Ave NW Unit P-6,Washington,DC,20011,10000,0,,16th Street Heights,130,,1923,,77,60,Sold,,,https://www.redfin.com/DC/Washington/4306-Arkansas-Ave-NW-20011/unit-P-6/home/183174650,BRIGHT MLS,DCDC2075926,N,Y,38.9432174,-77.033103
PAST SALE,March-22-2024,Parking,4306 Arkansas Ave NW Unit P-4,Washington,DC,20011,10000,0,,16th Street Heights,130,,1923,,77,60,Sold,,,https://www.redfin.com/DC/Washington/4306-Arkansas-Ave-NW-20011/unit-P-4/home/183174618,BRIGHT MLS,DCDC2075920,N,Y,38.9432174,-77.033103
PAST SALE,March-21-2024,Condo/Co-op,4308 Georgia Ave NW #101,Washington,DC,20011,275951,2,1.0,16th Street Heights,741,,2017,,372,461,Sold,,,https://www.redfin.com/DC/Washington/4308-Georgia-Ave-NW-20011/unit-101/home/145428722,BRIGHT MLS,DCDC2056278,N,Y,38.9433171,-77.0261939
PAST SALE,,Multi-Family (2-4 Unit),3934 14th St NW,Washington,DC,20011,524900,9,5.5,,3360,4250,1910,,156,,,,,https://www.redfin.com/DC/Washington/3934-14th-St-NW-20011/home/10015578,,,N,Y,38.9396091,-77.0330243
PAST SALE,,Parking,14th St NW Unit P4,Washington,DC,20011,10000,,,,,416,,,,,,,,https://www.redfin.com/DC/Washington/14th-St-NW-20011/unit-P4/home/10349510,,,N,Y,38.943506,-77.033606
PAST SALE,,Parking,14th St NW Unit P6,Washington,DC,20011,10000,,,,,416,,,,,,,,https://www.redfin.com/DC/Washington/14th-St-NW-20011/unit-P6/home/10349513,,,N,Y,38.943506,-77.033606
PAST SALE,,Single Family Residential,826 Varnum St NW #3,Washington,DC,20011,620000,5,1.0,,2192,3295,1908,,283,,,,,https://www.redfin.com/DC/Washington/826-Varnum-St-NW-20011/unit-3/home/10041832,,,N,Y,38.9428312,-77.0237676
PAST SALE,,Parking,14th St NW Unit P7,Washington,DC,20011,9000,,,,,416,,,,,,,,https://www.redfin.com/DC/Washington/14th-St-NW-20011/unit-P7/home/10349514,,,N,Y,38.943506,-77.033606
PAST SALE,,Vacant Land,5217 Eastern Ave,Hyattsville,MD,20782,515000,,,,,5425,,,,,,,,https://www.redfin.com/MD/Hyattsville/5217-Eastern-Ave-20782/home/23206745,,,N,Y,38.9564947,-76.9902951
PAST SALE,,Single Family Residential,5724 6th St NW,Washington,DC,20011,479750,3,1.5,,1631,4100,1938,,294,,,,,https://www.redfin.com/DC/Washington/5724-6th-St-NW-20011/home/10056353,,,N,Y,38.9596402,-77.0214652
PAST SALE,,Townhouse,1608 Allison St NW,Washington,DC,20011,1450000,4,2.0,,2248,4442,1922,,645,,,,,https://www.redfin.com/DC/Washington/1608-Allison-St-NW-20011/home/10012453,,,N,Y,38.9448757,-77.0374553
PAST SALE,,Parking,3883 Connecticut Ave NW Unit P15,Washington,DC,20008,795000,,,,,,,,,,,,,https://www.redfin.com/DC/Washington/3883-Connecticut-Ave-NW-20008/unit-P15/home/10194775,,,N,Y,38.9401354,-77.0599093
PAST SALE,,Townhouse,339 Riggs Park Pl NE,Washington,DC,20011,650000,4,2.5,,,602,2021,,,,,,,https://www.redfin.com/DC/Washington/339-Riggs-Park-Pl-NE-20011/home/177102996,,,N,Y,38.9576444,-77.0005363
PAST SALE,,Townhouse,1406 Buchanan St NW,Washington,DC,20011,735000,3,1.0,,1320,3305,1913,,557,,,,,https://www.redfin.com/DC/Washington/1406-Buchanan-St-NW-20011/home/10016790,,,N,Y,38.945984,-77.0333935
PAST SALE,,Townhouse,1365 Perry Pl NW,Washington,DC,20010,675000,3,2.0,,1280,1992,1911,,527,,,,,https://www.redfin.com/DC/Washington/1365-Perry-Pl-NW-20010/home/10026283,,,N,Y,38.9362545,-77.032025
PAST SALE,,Multi-Family (5+ Unit),4520 Georgia Ave NW,Washington,DC,20011,3000000,,13.0,,13632,6000,1925,,220,,,,,https://www.redfin.com/DC/Washington/4520-Georgia-Ave-NW-20011/home/10035015,,,N,Y,38.9457145,-77.026806
PAST SALE,,Parking,14th St NW Unit P14,Washington,DC,20011,10000,,,,,416,,,,,,,,https://www.redfin.com/DC/Washington/14th-St-NW-20011/unit-P14/home/10349526,,,N,Y,38.943506,-77.033606
PAST SALE,,Multi-Family (2-4 Unit),824 Taylor St NE #3,Washington,DC,20017,566000,4,4.0,,3200,5785,1937,,177,,,,,https://www.redfin.com/DC/Washington/824-Taylor-St-NE-20017/unit-3/home/10085963,,,N,Y,38.9409562,-76.9936707
PAST SALE,,Single Family Residential,730 Sheridan St NW,Washington,DC,20011,455000,3,1.0,,1054,1718,1926,,432,,,,,https://www.redfin.com/DC/Washington/730-Sheridan-St-NW-20011/home/10052916,,,N,Y,38.9659555,-77.0236903
PAST SALE,,Townhouse,5612 2nd Pl NW,Washington,DC,20011,450000,3,1.0,,1140,1609,1935,,395,,,,,https://www.redfin.com/DC/Washington/5612-2nd-Pl-NW-20011/home/10066677,,,N,Y,38.9581092,-77.0154051
PAST SALE,,Townhouse,734 Ingraham St NW,Washington,DC,20011,595000,3,2.0,,1335,1734,1923,,446,,,,,https://www.redfin.com/DC/Washington/734-Ingraham-St-NW-20011/home/10051991,,,N,Y,38.9540014,-77.0234299
